Timestamp,Session,Index,BodyID,SpineBase_X,SpineBase_Y,SpineBase_Z,SpineBase_inferred,SpineMid_X,SpineMid_Y,SpineMid_Z,SpineMid_inferred,Neck_X,Neck_Y,Neck_Z,Neck_inferred,Head_X,Head_Y,Head_Z,Head_inferred,ShoulderLeft_X,ShoulderLeft_Y,ShoulderLeft_Z,ShoulderLeft_inferred,ElbowLeft_X,ElbowLeft_Y,ElbowLeft_Z,ElbowLeft_inferred,WristLeft_X,WristLeft_Y,WristLeft_Z,WristLeft_inferred,HandLeft_X,HandLeft_Y,HandLeft_Z,HandLeft_inferred,ShoulderRight_X,ShoulderRight_Y,ShoulderRight_Z,ShoulderRight_inferred,ElbowRight_X,ElbowRight_Y,ElbowRight_Z,ElbowRight_inferred,WristRight_X,WristRight_Y,WristRight_Z,WristRight_inferred,HandRight_X,HandRight_Y,HandRight_Z,HandRight_inferred,HipLeft_X,HipLeft_Y,HipLeft_Z,HipLeft_inferred,HipRight_X,HipRight_Y,HipRight_Z,HipRight_inferred,SpineShoulder_X,SpineShoulder_Y,SpineShoulder_Z,SpineShoulder_inferred,HandTipLeft_X,HandTipLeft_Y,HandTipLeft_Z,HandTipLeft_inferred,ThumbLeft_X,ThumbLeft_Y,ThumbLeft_Z,ThumbLeft_inferred,HandTipRight_X,HandTipRight_Y,HandTipRight_Z,HandTipRight_inferred,ThumbRight_X,ThumbRight_Y,ThumbRight_Z,ThumbRight_inferred,KneeLeft_X,KneeLeft_Y,KneeLeft_Z,KneeLeft_inferred,AnkleLeft_X,AnkleLeft_Y,AnkleLeft_Z,AnkleLeft_inferred,FootLeft_X,FootLeft_Y,FootLeft_Z,FootLeft_inferred,KneeRight_X,KneeRight_Y,KneeRight_Z,KneeRight_inferred,AnkleRight_X,AnkleRight_Y,AnkleRight_Z,AnkleRight_inferred,FootRight_X,FootRight_Y,FootRight_Z,FootRight_inferred,HandLeftState,HandLeftStateConfidence,HandRightState,HandRightStateConfidence,Lean_X,Lean_Y,Lean_TrackingState,SpineBase_movement,SpineShoulder_movement,SpineMid_movement,Neck_movement,Head_movement,ShoulderLeft_movement,ElbowLeft_movement,WristLeft_movement,HandLeft_movement,ShoulderRight_movement,ElbowRight_movement,WristRight_movement,HandRight_movement,HipLeft_movement,HipRight_movement,HandTipLeft_movement,ThumbLeft_movement,HandTipRight_movement,ThumbRight_movement,KneeLeft_movement,AnkleLeft_movement,FootLeft_movement,KneeRight_movement,AnkleRight_movement,FootRight_movement,Neck_angle,Spine_angle,Hip_angle,ShoulderL_angle,ShoulderR_angle,ElbowL_angle,ElbowR_angle,WristL_angle,WristR_angle,HandL_angle,HandR_angle,Happy,Engaged,WearingGlasses,LeftEyeClosed,RightEyeClosed,MouthOpen,MouthMoved,LookingAway,FaceYaw,FacePitch,FacenRoll,Talking,Volume,Angle
2017-07-31 10:46:01,Default14,1,1,-0.5236789,-0.4413958,1.064959,0,-0.5268636,-0.1860904,1.120445,0,-0.5247166,0.05969818,1.162164,0,-0.5538486,0.1920856,1.182458,0,-0.7013031,-0.07102738,1.155108,0,-0.7088881,-0.229643,1.079139,1,-0.61966,-0.4088306,0.9544556,0,-0.5643383,-0.4495727,0.9327112,1,-0.3967534,-0.06199865,1.093915,0,-0.3597631,-0.1699433,0.8819203,0,-0.3966848,-0.1733381,0.707773,0,-0.4108806,-0.1740294,0.7000207,0,-0.5810384,-0.4358946,1.038968,0,-0.3934775,-0.7669199,0.8549249,1,-0.2561055,-1.024858,0.7250991,1,-0.2515518,-1.01318,0.6018371,1,-0.4411073,-0.4257962,1.039959,0,-0.4950606,-0.8183581,1.012665,1,-0.5432118,-1.125117,1.008083,1,-0.5662365,-1.143576,0.8953142,1,-0.5260714,-0.0004808083,1.153782,0,-0.5188676,-0.5073868,0.9198873,0,-0.5910971,-0.4678122,0.9078261,0,-0.4084519,-0.1638994,0.610086,0,-0.4525315,-0.1549544,0.6661634,0,,Low,,Low,-0.06086522,-0.1362565,Tracked,,,,,,,,,,,,,,,,,,,,,,,,,,166.428772592822,177.519637790957,136.209489309193,111.928000476699,130.191595956686,153.701777395254,146.922406379426,151.588519395774,130.617099987766,87.0508266726436,52.5360657739789,,No,,,,,,Yes,35,15,0,0,0,0
2017-07-31 10:46:01,Default14,2,1,-0.5238089,-0.4412622,1.064699,0,-0.527027,-0.1860119,1.120177,0,-0.5249072,0.05971598,1.161893,0,-0.5539598,0.1921102,1.18204,0,-0.7016063,-0.07101782,1.154819,0,-0.7088096,-0.2295421,1.07854,1,-0.6196688,-0.4089513,0.9541296,0,-0.5646555,-0.4487309,0.9339213,1,-0.3971461,-0.06197239,1.09339,0,-0.3597646,-0.1699625,0.881908,0,-0.3965712,-0.1734254,0.7077368,0,-0.4104126,-0.1743401,0.6997388,0,-0.5812007,-0.4357346,1.038535,0,-0.3938823,-0.7673425,0.8554958,1,-0.2567124,-1.025731,0.7264581,1,-0.2522035,-1.014247,0.6032071,1,-0.4411967,-0.4256929,1.039838,0,-0.4950243,-0.8182782,1.012563,1,-0.5430813,-1.125054,1.007995,1,-0.566165,-1.143513,0.8952469,1,-0.5262555,-0.0004475586,1.153512,0,-0.516239,-0.5069139,0.9207662,0,-0.5873958,-0.4694343,0.9010668,0,-0.3926695,-0.1636503,0.5976666,0,-0.4616575,-0.1479992,0.6721429,0,,Low,,Low,-0.06086522,-0.1362565,Tracked,0.000319920240059901,,0.000323551866012196,0.000331792404976315,0.000433237348343862,0.000418978082481681,,0.000347738306776758,,0.000656146231872057,2.28512581710283E-05,0.000147772426385964,0.000628511018200955,0.000489316145247564,,,0.000182494520465734,,,,0.000328478846427123,0.00281169656613226,0.00787521216158654,0.0200845138584432,0.0129388215572362,166.469192854782,177.519106303138,136.177496421063,111.78329470685,130.429089124723,153.905136406875,146.844552209756,150.615745560281,131.945041379776,81.0850466870656,70.7921006002518,,No,,,,,,Yes,40,15,0,0,0,0
2017-07-31 10:46:01,Default14,3,1,-0.5239604,-0.4411013,1.064319,0,-0.5271524,-0.1858295,1.119864,0,-0.5250001,0.0599029,1.161648,0,-0.5540146,0.1921695,1.181615,0,-0.7017171,-0.07088035,1.154325,0,-0.7091295,-0.2294342,1.078164,1,-0.6184424,-0.4080425,0.953657,0,-0.5639984,-0.4470221,0.9337129,1,-0.3974473,-0.06189026,1.093296,0,-0.3597002,-0.1699497,0.8817681,0,-0.3963009,-0.1738711,0.7075627,0,-0.4104185,-0.1731599,0.7004139,0,-0.5813767,-0.4355726,1.038038,0,-0.3933988,-0.7673994,0.8562034,1,-0.2557372,-1.025956,0.7281008,1,-0.2510214,-1.014592,0.6048335,1,-0.4413088,-0.4255428,1.039582,0,-0.4968515,-0.8178918,1.010152,1,-0.5462133,-1.124473,1.003915,1,-0.5692623,-1.142302,0.8909785,1,-0.5263566,-0.0002605532,1.15325,0,-0.5183013,-0.5063921,0.9213037,0,-0.5901804,-0.4518388,0.8915624,0,-0.4178683,-0.1645378,0.6171322,0,-0.4614017,-0.183023,0.6995714,0,,Low,,Low,-0.06086522,-0.1362565,Tracked,0.000439591924402659,,0.000383358735390222,0.000321860989248489,0.000432602045764827,0.000524605223858844,,0.00159791275106005,,0.00032604106627848,0.000154541936056161,0.000549564727761906,0.00135965689054262,0.000551569578566449,,,0.000317226133854092,,,,0.000337396250170545,0.00219414283491295,0.0201913158751479,0.0318539912891619,0.0444865666502822,166.46769596093,177.51944524743,136.18085956992,111.901710101824,130.508178585233,153.404885255422,146.942664519882,150.788400264741,128.591921644419,95.8735220373971,85.2047678297152,,No,,,,,,Yes,35,15,0,0,0,0
2017-07-31 10:46:01,Default14,4,1,-0.5238105,-0.4411329,1.062997,0,-0.5271834,-0.1857442,1.118599,0,-0.5251809,0.06008099,1.160432,0,-0.5539003,0.1921548,1.179783,0,-0.7004166,-0.0703451,1.151102,0,-0.7084209,-0.22936,1.076199,1,-0.6167581,-0.4076588,0.9519348,0,-0.5621582,-0.4462559,0.930312,1,-0.3976079,-0.061781,1.092772,0,-0.3596119,-0.1700252,0.8814529,0,-0.3962546,-0.1740247,0.7072586,0,-0.4085178,-0.173407,0.6995017,0,-0.5813479,-0.435675,1.036997,0,-0.3915155,-0.7662776,0.8545143,1,-0.2524208,-1.023885,0.7258789,1,-0.2469224,-1.012115,0.6025667,1,-0.4409892,-0.4254594,1.037999,0,-0.4982976,-0.817507,1.007533,1,-0.5490115,-1.123855,1.000501,1,-0.5714852,-1.141412,0.8873242,1,-0.5265023,-0.0001034128,1.152022,0,-0.5155727,-0.5027911,0.91772,0,-0.590211,-0.4606493,0.9001743,0,-0.4218905,-0.160928,0.6163022,0,-0.460646,-0.1500364,0.6948001,0,,Low,,Low,-0.06086522,-0.1362565,Tracked,0.00133084656140373,,0.00126825158781694,0.00124219993885858,0.00183562103387388,0.00351646439090458,,0.00243927551129427,,0.00055884354483162,0.000335928831748703,0.000343821843401519,0.00212269351061339,0.00104642066111108,,,0.00161709267514275,,,,0.0012465574977963,0.00576674645272353,0.0123203355563069,0.00546787425605234,0.0333384487602528,166.606762174407,177.519943769845,136.323696442472,112.50132309387,130.375058392466,152.840300036926,146.866674315724,151.548928921417,134.053726825264,92.0084786025193,73.5846380157211,,No,,,,,,Yes,40,15,0,0,0,0
2017-07-31 10:46:01,Default14,5,1,-0.5235512,-0.441097,1.06238,0,-0.5271464,-0.1856541,1.11776,0,-0.5254092,0.06023256,1.15928,0,-0.5539777,0.1922106,1.178728,0,-0.7003546,-0.07015026,1.150731,0,-0.7075644,-0.2287671,1.074642,1,-0.615467,-0.4073499,0.9511227,0,-0.5612186,-0.4458443,0.930809,1,-0.3978243,-0.06162495,1.092318,0,-0.3594665,-0.1700045,0.8812322,0,-0.3962641,-0.1740714,0.7070737,0,-0.4087504,-0.1730218,0.7004964,0,-0.5811721,-0.4357254,1.036665,0,-0.389946,-0.7655781,0.854099,1,-0.249775,-1.022606,0.7253819,1,-0.2442346,-1.010829,0.6020568,1,-0.4406336,-0.4252764,1.037037,0,-0.4991687,-0.8170561,1.008216,1,-0.5508338,-1.123212,1.002473,1,-0.5735704,-1.141057,0.8894797,1,-0.5266585,3.244484E-05,1.150956,0,-0.5141303,-0.5056277,0.9190012,0,-0.5831926,-0.4639473,0.8949091,0,-0.4318429,-0.1638777,0.6267501,0,-0.4585633,-0.1496968,0.7103333,0,,Low,,Low,-0.06086522,-0.1362565,Tracked,0.000670234511197249,,0.000844634838258335,0.00118414456672301,0.00105930609362925,0.000423612589048145,,0.00155623418224891,,0.000526589557910299,0.000265100245190328,0.000190942792479772,0.00109174625714955,0.000379037992818689,,,0.00104181781516723,,,,0.00108591516167075,0.00343049424427438,0.00937321042119514,0.0147278515154111,0.0156758817834914,166.725159844408,177.513201306646,136.389549902206,112.084870222806,130.297361475787,153.178904809398,146.753302694991,151.231742676693,129.43997473263,82.3220966102982,81.5604233336069,,No,,,,,,Yes,35,15,0,0,0,0
2017-07-31 10:46:01,Default14,6,1,-0.52367,-0.4409791,1.062335,0,-0.527316,-0.1855684,1.117682,0,-0.5256313,0.06027684,1.159176,0,-0.5541902,0.1923316,1.178502,0,-0.7020702,-0.07024491,1.150932,0,-0.7071363,-0.2288561,1.074411,1,-0.6152856,-0.4075955,0.9509459,0,-0.5621926,-0.4463122,0.9336328,1,-0.3980062,-0.06154287,1.092175,0,-0.3594688,-0.170004,0.8812169,0,-0.3962975,-0.1741526,0.7070679,0,-0.4116227,-0.1739699,0.7011989,0,-0.5812898,-0.435629,1.036559,0,-0.389442,-0.7655688,0.8548863,1,-0.248802,-1.022665,0.7268614,1,-0.2431992,-1.011016,0.6035242,1,-0.4407638,-0.4251303,1.037064,0,-0.5003071,-0.8167552,1.007169,1,-0.55274,-1.122785,1.000595,1,-0.575546,-1.140296,0.8875307,1,-0.5268679,8.808137E-05,1.150858,0,-0.5150365,-0.5078279,0.9225398,0,-0.6134243,-0.4468548,0.9506668,0,-0.4188784,-0.1620005,0.614921,0,-0.4672474,-0.1569254,0.6966609,0,,Low,,Low,-0.06086522,-0.1362565,Tracked,0.000173317194761517,,0.000205408495442617,0.000249209005455306,0.000332976350511565,0.00172992571589066,,0.000352822278208162,,0.000245507100508285,1.54799870801425E-05,8.79922723879906E-05,0.00310523866232531,0.000185424512942561,,,0.000197550626422664,,,,0.00023779777852292,0.00426424300902285,0.0656888906165267,0.0176502052934236,0.0177369888236419,166.747944898437,177.513637723792,136.382023903757,111.217502296416,130.354661104894,153.953587338576,146.714972441546,150.39228767908,122.865930450991,127.463703317919,78.7033780924631,,No,,,,,,Yes,35,15,0,0,0,0
2017-07-31 10:46:01,Default14,7,1,-0.5236274,-0.4408149,1.061924,0,-0.5274158,-0.1854465,1.117082,0,-0.5258988,0.06033085,1.158355,0,-0.5544718,0.1925255,1.177343,0,-0.7021415,-0.07006069,1.150422,0,-0.707244,-0.2285393,1.073579,1,-0.6162136,-0.4057979,0.9472772,0,-0.5621015,-0.4452699,0.9307963,1,-0.3983898,-0.06131013,1.091748,0,-0.3594275,-0.1700578,0.8812217,0,-0.3962305,-0.1741743,0.7070662,0,-0.4101847,-0.1737623,0.6992846,0,-0.5812684,-0.4355203,1.036075,0,-0.3890382,-0.7656341,0.8552203,1,-0.2481149,-1.022864,0.7278306,1,-0.2424639,-1.011375,0.6044959,1,-0.4406977,-0.4249282,1.036746,0,-0.5009063,-0.816479,1.004755,1,-0.5538375,-1.122435,0.9965543,1,-0.5765672,-1.139411,0.8833186,1,-0.5270919,0.00016203,1.150094,0,-0.5158566,-0.5049657,0.9167533,0,-0.6073409,-0.4451165,0.9434193,0,-0.42826,-0.1659283,0.6272104,0,-0.4705034,-0.1479718,0.6904001,0,,Low,,Low,-0.06086522,-0.1362565,Tracked,0.000444631757750109,,0.00062033833510447,0.000865167226667725,0.00120837774309186,0.00054691927960167,,0.0041894999045232,,0.000619391530132592,6.79938967849298E-05,7.04470013556703E-05,0.00240322413644664,0.000496517522349333,,,0.000382541004338144,,,,0.000799587643650687,0.00650755984221432,0.00962058723259666,0.0159521592193658,0.0114002677863286,166.793583376259,177.511100994297,136.403847117532,111.160930719996,130.397843763211,153.906721458148,146.55912005383,149.380723792838,131.003639076637,129.169124135513,67.0002633092252,,No,,,,,,Yes,40,15,0,0,0,0
2017-07-31 10:46:01,Default14,8,1,-0.5236591,-0.4408254,1.06188,0,-0.5275801,-0.1854453,1.11686,0,-0.5262554,0.06036968,1.157865,0,-0.5547265,0.1926505,1.176896,0,-0.7029473,-0.07042629,1.150219,0,-0.7072442,-0.2289236,1.073292,1,-0.6161068,-0.4062392,0.947156,0,-0.5615654,-0.4455332,0.9324526,1,-0.3985985,-0.06129702,1.091566,0,-0.3594199,-0.1700816,0.8812134,0,-0.3961875,-0.1743744,0.7070552,0,-0.4114985,-0.1744116,0.7004752,0,-0.5813108,-0.4355535,1.036047,0,-0.3884903,-0.7654785,0.8554544,1,-0.2471143,-1.022563,0.728263,1,-0.2414166,-1.011142,0.6049231,1,-0.4407211,-0.4249179,1.036686,0,-0.5009267,-0.8164746,1.004404,1,-0.5538543,-1.122433,0.9959767,1,-0.5765342,-1.139351,0.88271,1,-0.5273977,0.0001893837,1.149677,0,-0.5151662,-0.5046277,0.9178017,0,-0.6100088,-0.4496166,0.948397,0,-0.4291239,-0.1664136,0.6286685,0,-0.460775,-0.1556435,0.6899858,0,,Low,,Low,-0.06086522,-0.1362565,Tracked,5.52371251968999E-05,,0.000276188214810077,0.000607265451759054,0.000529439411075627,0.00090784690339292,,0.000469937623520458,,0.000277221142952639,2.63266025153047E-05,0.000204963435763552,0.00188817088474528,6.06959636220125E-05,,,6.52200122661046E-05,,,,0.000517832854214187,0.00130001489222242,0.00722122480677625,0.00176292226431006,0.0123963055762594,166.888785364901,177.504249004691,136.415286009578,110.916521033577,130.369847050082,154.148965580399,146.554422231084,148.172347409396,125.169010668368,124.886436070132,63.6953565874071,,No,,,,,,Yes,35,10,-5,0,0,0
2017-07-31 10:46:01,Default14,9,1,-0.5236757,-0.440758,1.061765,0,-0.5277285,-0.1853795,1.116546,0,-0.5265885,0.06039878,1.157298,0,-0.5549448,0.1927847,1.176364,0,-0.7034562,-0.07058006,1.149973,0,-0.7072265,-0.2289351,1.072621,1,-0.6155447,-0.4064064,0.9471123,0,-0.5615033,-0.4448204,0.9323578,1,-0.3988929,-0.06129346,1.091135,0,-0.3594123,-0.1701016,0.8812273,0,-0.3962252,-0.1744971,0.7070824,0,-0.4115397,-0.174801,0.7007316,0,-0.5813231,-0.4355475,1.035945,0,-0.3873825,-0.7662668,0.8584762,1,-0.2451768,-1.023973,0.7337202,1,-0.2393283,-1.01308,0.6103626,1,-0.4407402,-0.424769,1.036562,0,-0.5001281,-0.81646,1.00544,1,-0.5524371,-1.122525,0.997912,1,-0.575129,-1.139772,0.8847398,1,-0.5276825,0.0002309776,1.149175,0,-0.5163752,-0.5052795,0.920189,0,-0.5884658,-0.4678074,0.901,0,-0.4024296,-0.1742995,0.605279,0,-0.4653637,-0.1556954,0.692808,0,,Low,,Low,-0.06086522,-0.1362565,Tracked,0.000134325425739008,,0.000353480126739776,0.00065824875237251,0.000590498543605298,0.000585781890211719,,0.000588066271775556,,0.000521962674527637,2.55141137412207E-05,0.00013121135621581,0.000468049954598902,0.00010291399321768,,,0.00019471009218838,,,,0.000578658009982806,0.00275421958638013,0.0551496297597727,0.0363571420982178,0.00538736244743195,166.988108925851,177.501336561245,136.420854446158,110.71174186204,130.450023661803,154.28116264172,146.474825986145,148.233374372876,124.472574840261,81.176950978007,87.1432451014479,,No,,,,,,Yes,35,15,5,0,0,0
2017-07-31 10:46:01,Default14,10,1,-0.5236931,-0.4407192,1.061741,0,-0.5278713,-0.1852995,1.116348,0,-0.5269223,0.06050828,1.156821,0,-0.5552264,0.1928917,1.176046,0,-0.703615,-0.0703767,1.149969,0,-0.7071434,-0.2285585,1.072158,1,-0.6154879,-0.4063478,0.9471009,0,-0.5618789,-0.4452408,0.9326543,1,-0.399191,-0.06118308,1.090979,0,-0.3593662,-0.170185,0.8814933,0,-0.396224,-0.174807,0.7073656,0,-0.4107989,-0.175055,0.7022623,0,-0.581337,-0.4355206,1.035901,0,-0.3876828,-0.7661628,0.8579112,1,-0.245693,-1.023808,0.7327498,1,-0.2399498,-1.012915,0.6094075,1,-0.4407621,-0.4247165,1.036562,0,-0.4998817,-0.8164505,1.005837,1,-0.5519878,-1.12255,0.9986158,1,-0.5746964,-1.13991,0.8854803,1,-0.5279663,0.000334472,1.148773,0,-0.5191829,-0.5047278,0.9174048,0,-0.5875524,-0.4663187,0.8980236,0,-0.4058805,-0.1734075,0.6094471,0,-0.4587524,-0.1551607,0.6878688,0,,Low,,Low,-0.06086522,-0.1362565,Tracked,4.88282704998194E-05,,0.000256896555056808,0.00059240331700608,0.000438031460057404,0.000258047921130947,,8.24024271487106E-05,,0.000354095120553825,0.000282554012535648,0.000419811493411058,0.00171940196870888,5.34117964497939E-05,,,5.68846200655287E-05,,,,0.000502849411684393,0.00399240802273515,0.00345101205590477,0.00548428960030376,0.00826987838000053,167.052246253007,177.49456064001,136.417860713895,110.536225844633,130.486826572653,154.463300074897,146.396223676291,148.500637248582,121.260403599912,78.9843064905202,76.926489871454,,No,,,,,,Yes,35,15,5,0,0,0
2017-07-31 10:46:01,Default14,11,1,-0.5237224,-0.4407226,1.061689,0,-0.5280151,-0.1852758,1.116138,0,-0.5271873,0.06058307,1.156442,0,-0.5555537,0.1929785,1.175457,0,-0.704132,-0.07055783,1.149629,0,-0.7071517,-0.228823,1.071947,1,-0.6152624,-0.4072317,0.9480014,0,-0.5616707,-0.445833,0.9328236,1,-0.3994467,-0.06107128,1.090845,0,-0.3593435,-0.1702487,0.8815479,0,-0.3962815,-0.1749339,0.7074404,0,-0.4120591,-0.1753323,0.7033027,0,-0.581372,-0.4355519,1.035846,0,-0.3883207,-0.7655656,0.8557189,1,-0.2467733,-1.02272,0.7288889,1,-0.2411341,-1.011535,0.6055667,1,-0.4407858,-0.4246975,1.036516,0,-0.4997113,-0.8164536,1.006398,1,-0.5516729,-1.122573,0.9996486,1,-0.5743311,-1.140103,0.8865453,1,-0.5282031,0.0003949577,1.148435,0,-0.5130938,-0.5063443,0.9193733,0,-0.5847575,-0.4546258,0.8866154,0,-0.4317295,-0.1684198,0.6297547,0,-0.4808142,-0.1511814,0.69925,0,,Low,,Low,-0.06086522,-0.1362565,Tracked,5.97833588885296E-05,,0.000255617155136156,0.000468465093790494,0.000679397181330598,0.000644745745934004,,0.00128180720469185,,0.000309576694859201,8.69145557430032E-05,0.000158129377409739,0.00165753777935824,7.23165956056564E-05,,,5.51243140546848E-05,,,,0.000417105214429733,0.00660039417838051,0.0165735452954399,0.0332482566467777,0.0251413913928804,167.054227270886,177.49452571962,136.426894124253,110.41515833444,130.50316595507,154.652254431674,146.306929882876,148.93781369471,116.695378812441,89.5543861531795,70.9897434360384,,No,,,,,,Yes,35,15,0,0,0,0
2017-07-31 10:46:01,Default14,12,1,-0.5237769,-0.4406635,1.061627,0,-0.5281584,-0.1851683,1.115887,0,-0.5273929,0.06072956,1.155978,0,-0.5560926,0.1931099,1.174611,0,-0.7042298,-0.07056113,1.149466,0,-0.7069129,-0.2285604,1.071101,1,-0.6146353,-0.4069636,0.9474324,0,-0.5620725,-0.4454466,0.9325069,1,-0.3997795,-0.06097697,1.090793,0,-0.3593164,-0.1702829,0.8815923,0,-0.3962255,-0.1751065,0.7074829,0,-0.4103059,-0.1754203,0.7021917,0,-0.5814158,-0.4355232,1.035794,0,-0.3887278,-0.7657068,0.8556226,1,-0.2474612,-1.022992,0.7287623,1,-0.2418586,-1.011866,0.6054538,1,-0.4408458,-0.4246095,1.036456,0,-0.5008327,-0.81618,1.005873,1,-0.5536063,-1.122155,0.9987672,1,-0.5763286,-1.139506,0.8856385,1,-0.5283971,0.0005326151,1.148024,0,-0.5114529,-0.5056803,0.9191763,0,-0.5941083,-0.4677644,0.9066471,0,-0.4023818,-0.1743488,0.6052792,0,-0.458513,-0.1579605,0.6806923,0,,Low,,Low,-0.06086522,-0.1362565,Tracked,0.000101523691816246,,0.000308370134740731,0.000528229760710271,0.00101162995704944,0.000190117674086285,,0.000888196498529483,,0.000349791675286922,6.2252791102039E-05,0.000186367942522321,0.00207744440118141,7.37978996990889E-05,,,0.00012224565431949,,,,0.000474875309712834,0.00178108332483356,0.0257163231331775,0.0386715740116691,0.0297940924939828,166.927248248618,177.49152591484,136.434161997085,110.272433273039,130.514256596799,154.754715780322,146.26368297514,149.349418310002,122.581259805487,88.9670642487473,71.4461262995495,,No,,,,,,Yes,35,15,0,0,0,0
2017-07-31 10:46:01,Default14,13,1,-0.5238189,-0.4406251,1.06156,0,-0.5283563,-0.1851128,1.11551,0,-0.5277689,0.06077087,1.155177,0,-0.5566372,0.1933414,1.173601,0,-0.7047383,-0.07058509,1.149306,0,-0.7056562,-0.22784,1.068981,1,-0.6143283,-0.4077184,0.9468571,0,-0.560896,-0.447654,0.9318041,1,-0.3999719,-0.06084215,1.090684,0,-0.3581643,-0.169955,0.8849011,0,-0.3953478,-0.1752281,0.7108685,0,-0.4091266,-0.1750834,0.7008799,0,-0.5814443,-0.4355085,1.035736,0,-0.3871472,-0.7643515,0.8544335,1,-0.2446253,-1.020598,0.7266657,1,-0.2389551,-1.009286,0.6033373,1,-0.4408979,-0.4245481,1.03639,0,-0.5025207,-0.8158339,1.004607,1,-0.5565419,-1.121586,0.9965737,1,-0.5793222,-1.138552,0.883364,1,-0.52873,0.0005797201,1.147335,0,-0.5123023,-0.5083312,0.9191688,0,-0.5888038,-0.4644563,0.8991696,0,-0.4285607,-0.1679096,0.6250382,0,-0.4645146,-0.1571585,0.6910139,0,,Low,,Low,-0.06086522,-0.1362565,Tracked,8.79065412810882E-05,,0.000429387540573833,0.000885823637131021,0.00117059019729381,0.000533616277487929,,0.000997467859131262,,0.000258988788174265,0.00351895016446667,0.00349963301075983,0.00179584780535543,6.62747312330408E-05,,,0.000104117097539331,,,,0.000766656566543958,0.0027836679794832,0.00974649947981331,0.0334247839611567,0.0119665297024659,166.912466768594,177.480992400263,136.437730095777,109.505256066391,130.817418084729,155.900299349385,145.769629776675,149.546844153934,137.947997145209,88.8052794031787,65.1174769530953,,No,,,,,,Yes,35,15,0,0,0,0
2017-07-31 10:46:01,Default14,14,1,-0.5238459,-0.4405909,1.061371,0,-0.5285215,-0.1850424,1.114897,0,-0.528067,0.06088272,1.1541,0,-0.5571908,0.1935345,1.17187,0,-0.7045972,-0.07020409,1.148197,0,-0.7055987,-0.2277733,1.068594,1,-0.6136786,-0.4074159,0.9465488,0,-0.560072,-0.4470455,0.9305102,1,-0.4002143,-0.0606656,1.090058,0,-0.3579018,-0.1701443,0.8838865,0,-0.3954713,-0.1752742,0.7099351,0,-0.4079383,-0.1745467,0.6999521,0,-0.5814732,-0.4354612,1.035487,0,-0.3880012,-0.7637653,0.8520351,1,-0.2460944,-1.019589,0.7225906,1,-0.2404876,-1.008041,0.5992956,1,-0.4409169,-0.4245293,1.036271,0,-0.5085749,-0.8146763,0.9992331,1,-0.5671907,-1.119535,0.9871399,1,-0.5901351,-1.13491,0.8735844,1,-0.5289983,0.0006809919,1.146375,0,-0.5130112,-0.5076144,0.9175041,0,-0.5895643,-0.4640913,0.9017711,0,-0.3983879,-0.1717046,0.5697894,1,-0.4626401,-0.1573384,0.6753,1,,Low,,Low,-0.06086522,-0.1362565,Tracked,0.00019395783046837,,0.000638761457822841,0.0011230774828568,0.00182759994801917,0.00118108052646721,,0.000780170000705055,,0.000694120783797772,0.00106496661919515,0.000942662728657471,0.001600286418114,0.000255095080313154,,,0.000121964912987279,,,,0.00100191859323768,0.00194616739773326,0.00273484688785319,,,166.840567061062,177.475785398648,136.434556150368,109.573336809271,130.804539893069,155.649189891932,145.564650648022,150.002773902737,140.652929863932,89.6977849431211,70.3860706248244,,No,,,,,,Yes,40,15,0,0,0,0
2017-07-31 10:46:01,Default14,15,1,-0.524719,-0.4404555,1.061646,0,-0.5291407,-0.1848607,1.114845,0,-0.5284918,0.06112168,1.153868,0,-0.5577872,0.1937224,1.171633,0,-0.7058932,-0.07026773,1.148297,0,-0.7055846,-0.2278052,1.068494,1,-0.6156473,-0.4087936,0.9470682,0,-0.5629667,-0.4478929,0.9345442,1,-0.4006818,-0.06051907,1.090072,0,-0.357122,-0.1698448,0.8867258,0,-0.3948012,-0.1754424,0.7128165,0,-0.4104315,-0.1753272,0.7015297,0,-0.5823488,-0.435266,1.035769,0,-0.3887243,-0.7635632,0.8524553,1,-0.2467047,-1.01938,0.7231118,1,-0.2410739,-1.007904,0.5998151,1,-0.4417662,-0.4244763,1.036571,0,-0.5088232,-0.8147204,1.002244,1,-0.5670049,-1.11967,0.9922528,1,-0.590026,-1.135706,0.8788953,1,-0.5294663,0.0009036419,1.146183,0,-0.5204496,-0.5100209,0.9232206,0,-0.6071329,-0.4575744,0.9342001,0,-0.3829942,-0.1804887,0.5955033,0,-0.4568752,-0.1549423,0.6690555,0,,Low,,Low,-0.06086522,-0.1362565,Tracked,0.000925344135984089,,0.000647400594686202,0.000539797111515063,0.000668706490173439,0.00130140925523062,,0.00245837615917503,,0.000490125790894496,0.00295963051410137,0.00296307124619027,0.00305189256855485,0.000940373542800892,,,0.000902285703089647,,,,0.000552685283411732,0.00968500950231842,0.0374535142886484,,,166.724270295376,177.482108204876,136.458083055516,109.091053106039,131.216703028928,156.661049233772,145.170143829509,147.867911104289,138.00943063271,111.693608867348,71.7889116735062,,No,,,,,,Yes,35,15,0,0,0,0
2017-07-31 10:46:01,Default14,16,1,-0.5248615,-0.4404519,1.061481,0,-0.5294186,-0.1848481,1.114296,0,-0.5288231,0.06115673,1.152872,0,-0.5582713,0.1938105,1.170235,0,-0.7062595,-0.07033907,1.147828,0,-0.7054901,-0.2277457,1.067684,1,-0.6151028,-0.4086511,0.946461,0,-0.5609035,-0.449085,0.9304559,1,-0.4009101,-0.0604389,1.089848,0,-0.3571174,-0.1698943,0.8862522,0,-0.3949292,-0.175521,0.7123742,0,-0.4094288,-0.1749252,0.6999915,0,-0.5824764,-0.4353006,1.035603,0,-0.3888399,-0.7634172,0.8519077,1,-0.2468086,-1.019094,0.7222636,1,-0.2411604,-1.007637,0.5989802,1,-0.441914,-0.4244372,1.03642,0,-0.5088898,-0.8146787,1.003299,1,-0.5670195,-1.119634,0.9942458,1,-0.5900075,-1.135975,0.880963,1,-0.5297931,0.0009323955,1.145302,0,-0.514127,-0.5083994,0.9180385,0,-0.6013542,-0.4598903,0.924726,0,-0.4021381,-0.174228,0.604946,0,-0.4619966,-0.1557241,0.6763344,0,,Low,,Low,-0.06086522,-0.1362565,Tracked,0.000218046348284132,,0.000615457691478556,0.00105024006422342,0.00148206559234064,0.000599354724349339,,0.000827936193193713,,0.000329733405799304,0.000476202026455123,0.000467109462545984,0.00187964638429684,0.0002122143256238,,,0.000214882875073825,,,,0.000940098936023676,0.00833418822801593,0.011336460528313,0.0222452209472057,0.00893433458126567,166.667584267759,177.470743067199,136.463682571228,108.882670317075,131.03075590482,156.73427716352,145.12219717577,149.755946326983,142.598427584208,111.393832577565,71.0739597656381,,No,,,,,,Yes,35,15,0,0,0,0
2017-07-31 10:46:02,Default14,17,1,-0.5258729,-0.4403615,1.061561,0,-0.5301083,-0.1847377,1.114056,0,-0.5292659,0.06130363,1.152425,0,-0.5590475,0.1939011,1.169346,0,-0.706687,-0.07008607,1.147519,0,-0.705564,-0.2274649,1.067278,1,-0.6151403,-0.4089312,0.9469699,0,-0.5622049,-0.4495283,0.9327804,1,-0.4011781,-0.06029989,1.089721,0,-0.3571575,-0.169908,0.8861685,0,-0.3949378,-0.1758384,0.7122949,0,-0.4099576,-0.1760179,0.7011259,0,-0.583526,-0.4351425,1.035756,0,-0.3883356,-0.7624364,0.8520273,1,-0.2451084,-1.017477,0.722331,1,-0.2392754,-1.005971,0.5990189,1,-0.4428539,-0.4244298,1.036465,0,-0.5098915,-0.8146583,1.003181,1,-0.5680802,-1.119603,0.9939945,1,-0.590965,-1.135925,0.8806803,1,-0.5302917,0.001068475,1.144905,0,-0.5177131,-0.5092329,0.92289,0,-0.594614,-0.4736932,0.9034444,0,-0.4297737,-0.1686166,0.6267516,0,-0.4652309,-0.1631997,0.68975,0,,Low,,Low,-0.06241047,-0.1355301,Tracked,0.00101857848003971,,0.000738562285795874,0.000646111793732205,0.00118364513263049,0.000585018162111228,,0.0005821009104958,,0.000327531342164365,9.38157236288614E-05,0.000327269323340881,0.00166147106204109,0.00107241072821933,,,0.000941005722618146,,,,0.000651712045554055,0.00609031096989312,0.0262460824316697,0.0356468566451517,0.0156947002268281,166.470977850891,177.47274372395,136.52224065909,108.729425525254,130.965359304699,156.918989943803,145.140301341163,149.545379737279,138.882540127264,85.5520934191234,62.9312435301896,,No,,,,,,Yes,35,15,0,0,0,0
2017-07-31 10:46:02,Default14,18,1,-0.5259574,-0.4403103,1.061532,0,-0.5303876,-0.1846478,1.11381,0,-0.5297474,0.06142029,1.151883,0,-0.5597513,0.1940679,1.168553,0,-0.7068762,-0.0699355,1.146878,0,-0.7055628,-0.227356,1.066715,1,-0.6185275,-0.4106663,0.9468547,0,-0.5643644,-0.4510806,0.9323725,1,-0.4014007,-0.06019809,1.089615,0,-0.3571698,-0.1699642,0.8861717,0,-0.3949212,-0.1758582,0.7122904,0,-0.4103573,-0.175752,0.7011993,0,-0.5836611,-0.4350719,1.035635,0,-0.3890764,-0.7627789,0.8521028,1,-0.2463212,-1.018138,0.722567,1,-0.2404025,-1.006723,0.5992716,1,-0.4429131,-0.4243883,1.036493,0,-0.5097783,-0.8146046,1.005708,1,-0.5678509,-1.119556,0.9984649,1,-0.5907037,-1.136491,0.8853068,1,-0.5307257,0.00117988,1.144439,0,-0.5207012,-0.5112869,0.9188576,0,-0.6062569,-0.4614033,0.9320626,0,-0.4321293,-0.1693793,0.6303377,0,-0.4674802,-0.1526232,0.6921111,0,,Low,,Low,-0.06536946,-0.1339753,Tracked,0.000102969364376078,,0.000382892282502501,0.000734313152272292,0.00107331527521039,0.000685090479352809,,0.00380748826524786,,0.000266739573366973,5.76191808341608E-05,2.62268945931507E-05,0.000485644376061341,0.000194621093409648,,,7.75299297046495E-05,,,,0.000646469700778788,0.00542290580500889,0.0332505659148832,0.00435782926007896,0.011067813512614,166.42705149258,177.467138868874,136.506556768211,108.713889210815,130.876930554423,157.912181978009,145.06886500773,148.298609088257,137.895660586702,111.653834857904,63.9553338846713,,No,,,,,,Yes,35,15,0,0,0,0
2017-07-31 10:46:02,Default14,19,1,-0.5261707,-0.4403144,1.061563,0,-0.5308168,-0.1845779,1.113502,0,-0.5304337,0.06164894,1.150989,0,-0.5609267,0.1942317,1.167207,0,-0.7075237,-0.06996341,1.146523,0,-0.7056447,-0.2274014,1.066361,1,-0.618634,-0.4104305,0.9460285,0,-0.5650549,-0.4513752,0.9323058,1,-0.4017659,-0.06007905,1.089493,0,-0.357264,-0.1703484,0.885767,0,-0.3950353,-0.1758153,0.7118751,0,-0.4093273,-0.176198,0.7009023,0,-0.5838414,-0.4350065,1.035676,0,-0.389899,-0.7630181,0.8520652,1,-0.2476399,-1.018611,0.7224751,1,-0.2417414,-1.007325,0.599204,1,-0.4431763,-0.4244838,1.03653,0,-0.5106039,-0.8145758,1.005908,1,-0.5691121,-1.119436,0.9987938,1,-0.5919203,-1.136401,0.885635,1,-0.5313515,0.00136166,1.143711,0,-0.522943,-0.510945,0.9181733,0,-0.6017759,-0.4649889,0.9213399,0,-0.3846846,-0.1564378,0.5829977,0,-0.4581788,-0.1590306,0.6743889,0,,Low,,Low,-0.06948269,-0.1316236,Tracked,0.000215579915576556,,0.000532881459613676,0.00115001065755929,0.00179446694034739,0.000738958874430847,,0.000865765747763218,,0.000403020547367,0.000565919932499323,0.000432820182061796,0.0011610447881111,0.00019612814688352,,,0.000282424308443879,,,,0.000977063768850377,0.0023687189238068,0.0121619152952978,0.0682609520907818,0.0210154036259121,166.274114629151,177.438939476096,136.490558870877,108.529610517114,130.707019106582,158.056434650015,144.875076607206,148.353320235849,139.781230472541,101.073702247224,71.4290480093017,,No,,,,,,Yes,35,15,0,0,0,0
2017-07-31 10:46:02,Default14,20,1,-0.5266809,-0.4403604,1.060925,0,-0.5314842,-0.184516,1.112129,0,-0.531047,0.06186702,1.148929,0,-0.5616561,0.1943906,1.164381,0,-0.7079712,-0.06990775,1.145338,0,-0.7088962,-0.2274815,1.065758,1,-0.6162795,-0.4082022,0.9459439,0,-0.5604361,-0.4488001,0.9285733,1,-0.4020275,-0.05997811,1.088163,0,-0.3571343,-0.1706012,0.8847946,0,-0.395034,-0.1757756,0.710921,0,-0.407447,-0.175738,0.6991329,0,-0.5843983,-0.4350564,1.034886,0,-0.3886679,-0.7630516,0.8533008,1,-0.2450588,-1.018636,0.7252721,1,-0.2390212,-1.00776,0.6019971,1,-0.4435945,-0.4245239,1.036068,0,-0.5128918,-0.8142618,1.00317,1,-0.5728274,-1.118841,0.9942911,1,-0.5956557,-1.135186,0.8809909,1,-0.5319955,0.00153993,1.141814,0,-0.5150836,-0.5074957,0.9163016,0,-0.6011287,-0.4607801,0.9248092,0,-0.4286057,-0.1675131,0.6248953,0,-0.4622808,-0.157348,0.6833251,0,Unknown,Low,Unknown,Low,-0.07445691,-0.1280188,Tracked,0.000818207822011127,,0.00152786889817162,0.00216039250517119,0.00292293509507138,0.00126790350011348,,0.00324286112869485,,0.00135923634574717,0.00101306055593926,0.000954926484081324,0.00262257591882487,0.000967846899049741,,,0.000624454361823142,,,,0.00201124965951502,0.00878470828997758,0.00549262303184915,0.0617019787450938,0.0099756311680014,166.184230085123,177.435701011848,136.513294566678,109.403547322564,130.595211605137,155.668916991138,144.622173844644,150.364278102084,145.775154197962,110.020389355028,57.7311920398302,,,,,,,,,,,,0,0,0
2017-07-31 10:46:02,Default14,21,1,-0.5272923,-0.4402374,1.060966,0,-0.5321997,-0.1843527,1.111915,0,-0.5318028,0.06206537,1.14853,0,-0.562879,0.1946372,1.163597,0,-0.7090141,-0.06992643,1.145268,0,-0.714108,-0.2277565,1.066922,1,-0.6182301,-0.4068848,0.9471778,0,-0.5643505,-0.4474046,0.933553,1,-0.4024859,-0.05989427,1.088074,0,-0.3567978,-0.1706645,0.8867427,0,-0.3945196,-0.1757408,0.7128266,0,-0.4085196,-0.1759004,0.7019519,0,-0.5849543,-0.4349872,1.034914,0,-0.3885834,-0.7628629,0.8538061,1,-0.2444877,-1.018356,0.7261399,1,-0.2383712,-1.007577,0.6028579,1,-0.4442294,-0.4243592,1.036144,0,-0.5142543,-0.813916,1.004752,1,-0.5747652,-1.118367,0.9970441,1,-0.597725,-1.135005,0.8838721,1,-0.5327466,0.001730899,1.141456,0,-0.517524,-0.5057197,0.9204777,0,-0.5970746,-0.4710922,0.9052501,0,-0.3873239,-0.1575112,0.5869977,0,-0.465245,-0.1546252,0.6868066,0,,Low,,Low,-0.07951532,-0.124178,Tracked,0.000624995967987042,,0.000764462647877648,0.000877369570078647,0.00147341507050805,0.00104541348393825,,0.00265761026676226,,0.00047442671257005,0.0019779617665668,0.00197411493079805,0.00302053066860776,0.000560988983849055,,,0.000660303036491574,,,,0.000853688683866118,0.00515262451280891,0.0224796246861464,0.0569249778270489,0.00532174442546806,165.997327506837,177.43896361566,136.506699868568,110.791886862888,130.798589331515,153.376609194679,144.254496039675,150.058742920833,140.0686307893,86.646723534815,82.770520396455,,No,,,,,,Yes,35,15,-5,0,0,0
2017-07-31 10:46:02,Default14,22,1,-0.5278074,-0.4400138,1.061046,0,-0.5329111,-0.184038,1.111685,0,-0.5326993,0.06248574,1.147988,0,-0.5640199,0.1948282,1.16259,0,-0.7099332,-0.06980488,1.145077,0,-0.712709,-0.2272988,1.065568,1,-0.6178703,-0.4073187,0.9463947,0,-0.5632231,-0.448952,0.9325085,1,-0.4030712,-0.05970673,1.087981,0,-0.3568203,-0.1707088,0.8867429,0,-0.394609,-0.1764008,0.7128642,0,-0.4089534,-0.1765433,0.702562,0,-0.5854889,-0.4347371,1.035062,0,-0.3889737,-0.7627861,0.8544877,1,-0.2447748,-1.018412,0.727234,1,-0.2386031,-1.007791,0.6039541,1,-0.4447004,-0.4241782,1.036176,0,-0.5161917,-0.8134236,1.004699,1,-0.5778324,-1.117636,0.9969299,1,-0.6008676,-1.134174,0.8837643,1,-0.5335997,0.002125372,1.140992,0,-0.5202137,-0.5086316,0.9227406,0,-0.5897799,-0.4592487,0.8944445,0,-0.3853444,-0.1567062,0.5839976,0,-0.4648704,-0.1537302,0.6847178,0,,Low,,Low,-0.0842475,-0.1206338,Tracked,0.000567208048250343,,0.000811188048481893,0.00112879900199282,0.00153368276054729,0.000946572877543051,,0.000964868312258148,,0.000621607868032567,4.96868191777144E-05,0.000667087790324469,0.000986774979415303,0.000608482678471592,,,0.000505594699339299,,,,0.001048181548077,0.00456446756040617,0.0176136915977316,0.00368334701867741,0.00230313603593013,165.910344988839,177.436977131097,136.547968673336,109.996029218262,130.801776299664,154.532478739807,144.258972756968,150.134031111049,137.934837289051,92.532622318988,80.6896841673786,,No,,,,,,Yes,35,15,0,0,0,0
2017-07-31 10:46:02,Default14,23,1,-0.5283629,-0.4399179,1.060442,0,-0.5337366,-0.183826,1.110438,0,-0.533662,0.06281205,1.146168,0,-0.5653585,0.1948966,1.159837,0,-0.7106874,-0.06982272,1.144138,0,-0.7071337,-0.2253008,1.05957,1,-0.6168747,-0.4100662,0.9445377,0,-0.561743,-0.450807,0.9288512,1,-0.4036074,-0.05932987,1.087363,0,-0.3566705,-0.1706714,0.8871607,0,-0.394217,-0.1765619,0.7132343,0,-0.4163974,-0.175784,0.6877931,0,-0.5860121,-0.4346776,1.034488,0,-0.3885672,-0.7625663,0.8546458,1,-0.2436648,-1.018068,0.7279503,1,-0.2373633,-1.007649,0.6046775,1,-0.4452415,-0.424051,1.035578,0,-0.5176114,-0.8130991,1.004142,1,-0.5799367,-1.117162,0.9964056,1,-0.6029296,-1.133689,0.8832408,1,-0.5345381,0.002425261,1.139306,0,-0.5154533,-0.510616,0.9176655,0,-0.5816066,-0.4567381,0.8796,0,-0.3877581,-0.2069036,0.5747754,0,-0.4638405,-0.1525507,0.6701667,0,,Low,,Low,-0.08910495,-0.1166972,Tracked,0.000826191902647152,,0.00151043147808832,0.00208462694650619,0.00306194995386926,0.00120451521600996,,0.00346243044839893,,0.000900809580100031,0.000445416254755047,0.000562664393755311,0.0165562701022905,0.000778944471705069,,,0.000816439250648735,,,,0.00195272219537784,0.00723573711034335,0.0171308238418355,0.0510945582943037,0.0146351093426049,165.737604945771,177.43845289515,136.570135953735,107.607290329184,130.633051054601,158.377769491809,144.080015464193,149.712878005805,150.92478590242,90.1940585202248,90.7644125074644,,No,,,,,,Yes,35,15,0,0,0,0
2017-07-31 10:46:02,Default14,24,1,-0.5287343,-0.4397079,1.060167,0,-0.5344019,-0.1835093,1.109568,0,-0.5345791,0.06320173,1.144612,0,-0.5664431,0.1950021,1.157644,0,-0.7115397,-0.06971426,1.143355,0,-0.7059055,-0.2245698,1.057419,1,-0.6162342,-0.4100094,0.9430618,0,-0.5612302,-0.4511208,0.9286118,1,-0.4039354,-0.05920729,1.086585,0,-0.3565842,-0.1707173,0.8878803,0,-0.3941954,-0.1771364,0.7139905,0,-0.4189852,-0.1767312,0.6902773,0,-0.5863782,-0.4344701,1.034288,0,-0.3906491,-0.7637748,0.855564,1,-0.2470886,-1.02037,0.7297637,1,-0.2408875,-1.010379,0.6065468,1,-0.4455934,-0.4238498,1.035237,0,-0.5218868,-0.8120515,1.001762,1,-0.5872136,-1.115459,0.9924557,1,-0.6103915,-1.131301,0.8791963,1,-0.5353966,0.002800805,1.137926,0,-0.5164623,-0.5128339,0.9185278,0,-0.5991756,-0.4717784,0.9042223,0,-0.4215776,-0.1751847,0.619895,0,-0.4618429,-0.1555468,0.6788415,0,,Low,,Low,-0.09396037,-0.1124064,Tracked,0.000507605122117601,,0.00114009779405095,0.00184771721656761,0.00244882347465073,0.0011624404765838,,0.00160989046211235,,0.000853166956931793,0.000726208413611339,0.000949923812734465,0.00371014101079728,0.000465924307157208,,,0.000529713177106326,,,,0.0016680694068101,0.00258470940339529,0.033780734781529,0.0646964102684221,0.00939250637529726,165.686421833075,177.427557922782,136.593822870528,106.819353176101,130.588923686277,159.291819823235,143.927623131817,149.249954396372,145.828801932407,92.6732165578409,74.0991367676269,,No,,,,,,Yes,35,15,0,0,0,0
2017-07-31 10:46:02,Default14,25,1,-0.5291505,-0.4395287,1.059951,0,-0.5351186,-0.1832385,1.108972,0,-0.5355476,0.06354109,1.14368,0,-0.5676954,0.1953814,1.155772,0,-0.7127568,-0.06970616,1.142611,0,-0.7058781,-0.2245336,1.056616,1,-0.6149316,-0.4092084,0.941956,0,-0.561464,-0.4495382,0.9298297,1,-0.4041214,-0.05909057,1.085795,0,-0.3564079,-0.1707968,0.8882846,0,-0.3943037,-0.1777315,0.7144821,0,-0.418148,-0.1770009,0.6905569,0,-0.5867991,-0.4342538,1.034084,0,-0.397101,-0.7676284,0.8575648,1,-0.2582283,-1.027371,0.7335643,1,-0.2523878,-1.018131,0.6104842,1,-0.4459775,-0.4237175,1.035024,0,-0.5287821,-0.8103814,0.999991,1,-0.5990965,-1.112616,0.9895002,1,-0.622769,-1.127678,0.8762404,1,-0.5363063,0.003125501,1.137072,0,-0.5165172,-0.511103,0.9190407,0,-0.6091934,-0.4509221,0.9425,0,-0.3920297,-0.2057099,0.5646936,1,-0.4596766,-0.1565017,0.6681333,0,,Low,,Low,-0.09862199,-0.1084284,Tracked,0.000501987131309136,,0.000970673750546528,0.00138628332587532,0.00228396755230881,0.00142651113560312,,0.00188710397169835,,0.000819950948776672,0.000448174553048282,0.000779450742510405,0.000922939916787646,0.00051532368468768,,,0.000458699356877729,,,,0.00128930119926101,0.00180612713561365,0.0447272163656537,,0.0109667787859516,165.602107429897,177.431343440028,136.61178960622,106.452226798711,130.643889950091,159.342771312744,143.763206003814,148.683673758223,147.219263183398,125.282471491383,80.237909398978,,No,,,,,,Yes,35,15,0,0,0,0
2017-07-31 10:46:02,Default14,26,1,-0.4994289,-0.4218969,0.9850039,0,-0.5198396,-0.1609391,1.025008,0,-0.5333228,0.08939651,1.051364,0,-0.558671,0.2206288,1.07006,0,-0.6656816,-0.02787922,1.023853,0,-0.6352254,-0.1828865,0.9404344,1,-0.5603197,-0.3810863,0.8376397,0,-0.5230531,-0.41015,0.8540331,1,-0.3762053,-0.04031226,1.013565,0,-0.3150648,-0.1822533,0.8405092,0,-0.3945713,-0.1805879,0.681739,0,-0.4170966,-0.1717572,0.662712,0,-0.5602008,-0.4158215,0.9551929,0,-0.3383521,-0.7297098,0.7735445,1,-0.174966,-0.9738541,0.6450951,1,-0.1547365,-0.9601731,0.5234581,1,-0.4128299,-0.4063495,0.9643847,0,-0.4843432,-0.7954972,0.9389306,1,-0.5460151,-1.099424,0.9361054,1,-0.5535352,-1.120303,0.8211306,1,-0.5309554,0.02826216,1.046752,0,-0.4933358,-0.4799564,0.838985,0,-0.5363408,-0.4263283,0.7996668,0,-0.4160411,-0.2051252,0.592096,1,-0.4315286,-0.1289826,0.6283157,0,,Low,,Low,-0.139853,-0.03922478,Tracked,0.08253073170771,,0.0882080743320022,0.0958941934343076,0.0898076719780666,0.134421091830128,,0.121058674103552,,0.0796812805222538,0.0642105299387881,0.0328685446640097,0.0283538407920339,0.0852703049448634,,,0.079939486577348,,,,0.0939051977075407,0.088974170971187,0.162214917154496,,0.0559915354189363,170.598688098718,177.492496742011,137.855049832199,104.278187610535,128.545527266266,171.228912168133,122.899322209553,125.654779189558,152.014585087767,69.8454265304746,77.1437221833956,No,No,No,No,No,No,No,No,40,15,0,0,0,0
2017-07-31 10:46:02,Default14,27,1,-0.4993407,-0.4219679,0.9853718,0,-0.5197508,-0.1609961,1.02528,0,-0.5332379,0.08935492,1.051557,0,-0.5578802,0.220564,1.071278,0,-0.6657115,-0.02794362,1.024067,0,-0.6352588,-0.1831172,0.9410033,1,-0.5601209,-0.3818327,0.8394653,0,-0.5238582,-0.4101464,0.8565477,1,-0.3760357,-0.0404223,1.013954,0,-0.3145701,-0.1827455,0.8421853,0,-0.3926831,-0.180805,0.6826917,0,-0.4198377,-0.1693682,0.6669842,0,-0.560132,-0.4158642,0.9555186,0,-0.3405698,-0.7307099,0.7728748,1,-0.1789353,-0.9755912,0.64368,1,-0.1588191,-0.9619382,0.522069,1,-0.4127322,-0.4064541,0.9647917,0,-0.4844808,-0.7955774,0.938621,1,-0.5463242,-1.099482,0.9352404,1,-0.5537637,-1.120201,0.8201983,1,-0.5308692,0.02821663,1.046963,0,-0.48921,-0.4810715,0.8415619,0,-0.5356596,-0.4099568,0.793375,0,-0.4163812,-0.1931155,0.598935,1,-0.4633572,-0.1585688,0.6695625,0,,Low,,Low,-0.1741932,0.008207316,Tracked,0.000384929409112863,,0.000291750646957342,0.000214911000416526,0.00145364633938239,0.000225471439433178,,0.00198228397562003,,0.000438399317517711,0.0018155715739128,0.00212604537580929,0.00561004839996951,0.000335614689785776,,,0.000431434178062015,,,,0.000232431540243713,0.00499059988979281,0.0175521164800715,,0.0599141178574799,170.680648309503,177.493834985781,137.855446798162,104.270701270426,128.686109079101,171.14372696997,122.894741857637,124.93047995039,141.616510221397,84.1715400975834,100.351572347599,,No,,,,,,Yes,40,15,-10,0,0,0
2017-07-31 10:46:02,Default14,28,1,-0.4986546,-0.422104,0.986115,0,-0.5191687,-0.1611678,1.026039,0,-0.5327599,0.08915319,1.052336,0,-0.5557055,0.2200289,1.074064,0,-0.6657532,-0.02816244,1.024642,0,-0.6359649,-0.1843982,0.9436718,1,-0.5623033,-0.3846464,0.8443546,0,-0.521382,-0.4188,0.8567295,1,-0.375538,-0.04076866,1.014821,0,-0.3120042,-0.1842477,0.8494763,0,-0.3884407,-0.1808051,0.6891494,0,-0.4209448,-0.1680464,0.6718424,0,-0.5594823,-0.4159512,0.9560847,0,-0.3418559,-0.7309967,0.7713724,1,-0.1816828,-0.9760281,0.6405891,1,-0.1616669,-0.9621899,0.519002,1,-0.4120503,-0.4066469,0.9657182,0,-0.4635054,-0.798722,0.956753,1,-0.5099102,-1.10496,0.9666444,1,-0.5156208,-1.130727,0.853,1,-0.5303648,0.02802143,1.047737,0,-0.4876995,-0.4924538,0.8410252,1,-0.53666,-0.4149539,0.7998797,0,-0.4098014,-0.1963061,0.5756712,1,-0.4473898,-0.1337727,0.6513,0,,Low,,Low,-0.1932447,0.02407135,Tracked,0.00102058936894323,,0.000971803632427784,0.000935959397035938,0.00357455565070683,0.000616640967176196,,0.00604855618639683,,0.00105799789205835,0.00787395254303701,0.00772656761181833,0.00515508805841368,0.000866111020597235,,,0.00116643118099608,,,,0.000944244883491464,,0.00826334863478474,,0.0346889513277643,170.872325166538,177.49437372121,137.847830351539,104.46393735135,129.735810924213,171.312520625892,121.500389727249,132.044249383884,139.994821451845,88.8825755223367,81.5235767930644,,No,,,,,,Yes,30,15,-5,0,0,0
2017-07-31 10:46:02,Default14,29,1,-0.4972938,-0.4226956,0.9916431,0,-0.5168324,-0.1623617,1.034372,0,-0.5293585,0.08724164,1.064025,0,-0.5529342,0.2191904,1.084979,0,-0.6680102,-0.03048766,1.036793,0,-0.6469728,-0.1888262,0.9583685,1,-0.5535756,-0.3344831,0.8495123,0,-0.5234391,-0.3640155,0.8792858,1,-0.371125,-0.0445536,1.031002,0,-0.3077398,-0.1879458,0.8679393,0,-0.3798611,-0.1846152,0.7055422,0,-0.4041718,-0.1716092,0.6942081,0,-0.5581087,-0.4162516,0.9606259,0,-0.352912,-0.7349679,0.7684249,1,-0.2022049,-0.9828288,0.6319644,1,-0.1815534,-0.9675872,0.5105476,1,-0.4109089,-0.407625,0.9722235,0,-0.4546879,-0.8009307,0.9634188,1,-0.495158,-1.108099,0.9734,1,-0.4984843,-1.13456,0.8596146,1,-0.5272288,0.02628972,1.058542,0,-0.495979,-0.4000032,0.8676066,0,-0.545379,-0.3870149,0.8261666,0,-0.4166739,-0.2096735,0.5944503,1,-0.4646162,-0.1692924,0.7062308,0,,Low,,Low,-0.1939325,0.01045217,Tracked,0.0057237799407385,,0.00873627975170225,0.0123229974585123,0.0112924935660818,0.0125756708786609,,0.0511774489738401,,0.0171937517954517,0.0193065641679197,0.0188904814658071,0.0281824698940671,0.004753894672792,,,0.00667670589886964,,,,0.0113833800131641,,0.039339672006894,,0.0676445913114272,171.104836126314,177.560797658449,137.684381435426,106.464690517639,128.676757064173,157.328144065373,122.215809656993,111.536237999252,133.357413380029,73.0103886498087,94.6012594700871,,No,,,,,,Yes,40,15,-10,0,0,0
2017-07-31 10:46:02,Default14,30,1,-0.4958003,-0.4232932,0.995212,0,-0.5144278,-0.1633597,1.039768,0,-0.5261559,0.08588731,1.071121,0,-0.5504175,0.2181573,1.091066,0,-0.6689999,-0.03205689,1.043513,0,-0.6511744,-0.1908709,0.9656851,1,-0.5531665,-0.3344188,0.84862,0,-0.5244331,-0.365817,0.881516,1,-0.3691162,-0.04523829,1.038771,0,-0.3035391,-0.1914157,0.8849262,0,-0.3721142,-0.1868496,0.7209655,0,-0.4071882,-0.1674211,0.6979953,0,-0.5564935,-0.4167967,0.9638889,0,-0.3610744,-0.7378124,0.7655813,1,-0.2178082,-0.9874493,0.6244843,1,-0.197505,-0.9714358,0.5031239,1,-0.4096803,-0.408274,0.9759854,0,-0.4538681,-0.8020232,0.9601155,1,-0.4945651,-1.109485,0.9646143,1,-0.4974176,-1.134161,0.8500563,1,-0.5242047,0.02501204,1.065239,0,-0.4943469,-0.4015732,0.8704826,0,-0.5467707,-0.378394,0.8501306,0,-0.4399923,-0.1304332,0.6276956,1,-0.468272,-0.1858927,0.7068,0,,Low,,Low,-0.1854772,-0.01473226,Tracked,0.00391467945303314,,0.00599123703086428,0.0079021561936537,0.00666728156747578,0.00697139791454324,,0.000983715705882482,,0.00805365996526437,0.0178393065479015,0.0174035969230502,0.00640169777559046,0.00368146357444974,,,0.00401030554571593,,,,0.00745838159337533,0.00366060465087396,0.0255054904226521,,0.0170076107190281,171.018329416065,177.55044123676,137.492620716229,107.013471940181,129.825927618064,154.620518569819,120.530497121128,107.940121352467,139.64271738512,86.3478215261442,82.7196759442142,,No,,,,,,Yes,35,15,-5,0,0,0
2017-07-31 10:46:02,Default14,31,1,-0.4939156,-0.4245245,0.9998733,0,-0.5117509,-0.1654322,1.045859,0,-0.5228625,0.08300957,1.078419,0,-0.5475823,0.2165639,1.099308,0,-0.6711944,-0.03344632,1.052768,0,-0.5798141,-0.1556952,0.9551329,0,-0.5662659,-0.3752357,0.8764037,0,-0.5267853,-0.413202,0.8797018,1,-0.3667142,-0.046433,1.048299,0,-0.298307,-0.1944406,0.9081644,0,-0.3627249,-0.1895502,0.7424765,0,-0.4180223,-0.1564529,0.6989193,0,-0.5544369,-0.4179336,0.9684313,0,-0.3690235,-0.7423494,0.7667407,1,-0.233397,-0.9946344,0.6231503,1,-0.2135651,-0.9783446,0.5017962,1,-0.4081359,-0.4095856,0.9806411,0,-0.4556539,-0.8032444,0.9564073,1,-0.4987959,-1.110602,0.9544273,1,-0.5017059,-1.133042,0.8390383,1,-0.5210458,0.02232365,1.072259,0,-0.4935447,-0.4850571,0.8633604,0,-0.5540896,-0.4205166,0.8255834,0,-0.4428501,-0.1077906,0.6397472,0,-0.4809147,-0.1580059,0.7193334,0,,Low,,Low,-0.1727165,-0.04341683,Tracked,0.0051764767429208,,0.00696859604655061,0.00850815344640659,0.00886046537152524,0.00961256318444255,,0.0510837311838123,,0.00989847058813126,0.0240112229938418,0.0236257341864755,0.0154445106769363,0.00511424900938538,,,0.00507750021270313,,,,0.00815392482195538,0.0837909948436585,0.0492995411318402,,0.0330847033096868,170.813628457826,177.534924220295,137.274362147018,80.1526011216909,131.045268720092,147.660348711387,118.234843442065,132.195134171621,142.272220236392,84.158499937745,87.0087095301744,,No,,,,,,Yes,35,15,-5,0,0,0
2017-07-31 10:46:02,Default14,32,1,-0.4918871,-0.425749,1.006152,0,-0.5089124,-0.1671323,1.053237,0,-0.5193702,0.08095126,1.086719,0,-0.5449892,0.2150248,1.108871,0,-0.6704299,-0.03469079,1.061468,0,-0.5800749,-0.1530786,0.9579394,1,-0.5692503,-0.3737327,0.8824662,0,-0.5496963,-0.4756472,0.8713925,0,-0.3645339,-0.04685619,1.061636,0,-0.2945026,-0.1953691,0.9314289,0,-0.3540802,-0.1950073,0.7638298,0,-0.4125758,-0.1589599,0.7130802,0,-0.5524127,-0.4189019,0.9736099,0,-0.3765883,-0.7485975,0.7732787,1,-0.2483321,-1.004996,0.6309078,1,-0.2276299,-0.9889033,0.5096522,1,-0.4063458,-0.4111124,0.9879929,0,-0.4503554,-0.8055708,0.9552538,1,-0.4906866,-1.113484,0.9466466,1,-0.4913813,-1.134089,0.830328,1,-0.5176999,0.02033878,1.080345,0,-0.560738,-0.529805,0.8533057,1,-0.5575729,-0.4702425,0.8205555,0,-0.440242,-0.105422,0.6527699,0,-0.4620765,-0.1441755,0.6725833,0,,Low,,Low,-0.1583363,-0.07208461,Tracked,0.00671090800041242,,0.00808593261535107,0.00923703412065256,0.0100271613839611,0.00882174392231505,,0.00692239543871915,,0.0135206644387803,0.0235917895010107,0.0236743363030519,0.0153779224884248,0.00564383632735752,,,0.00771910224637546,,,,0.00897319072163858,,0.0501006815134285,0.0134908549343621,0.052265950612325,170.294619519639,177.525333699393,137.11141773716,79.6401939674391,131.007359304782,145.542843472534,118.169289439449,165.012896700503,142.18752910326,76.2748442868649,34.6601949045654,,No,,,,,,Yes,35,20,0,0,0,0
2017-07-31 10:46:02,Default14,33,1,-0.4904005,-0.4276106,1.012191,0,-0.5071151,-0.1688085,1.058643,0,-0.5174239,0.07956043,1.091453,0,-0.5422294,0.2133377,1.116931,0,-0.669658,-0.03541146,1.066687,0,-0.5789092,-0.1559752,0.9662997,1,-0.5720074,-0.3762564,0.8895133,0,-0.5616729,-0.4349726,0.8883363,0,-0.3632187,-0.04733374,1.067745,0,-0.2903727,-0.1975945,0.9475084,0,-0.3478571,-0.2013179,0.7792187,0,-0.4362162,-0.1392165,0.7100193,0,-0.5506986,-0.4205865,0.9802265,0,-0.3829586,-0.7520367,0.7762945,1,-0.2608404,-1.009829,0.6312236,1,-0.2405116,-0.9938576,0.509967,1,-0.4052349,-0.4131026,0.9933233,0,-0.4391274,-0.8087993,0.9647451,1,-0.4716896,-1.117696,0.9593226,1,-0.4709205,-1.139643,0.8432356,1,-0.5157779,0.01886834,1.085251,0,-0.5639053,-0.5145246,0.8645029,1,-0.5116197,-0.4214221,0.8750716,0,-0.4466313,-0.0821386,0.6430235,1,-0.4801409,-0.1444658,0.7312727,0,,Low,,Low,-0.146702,-0.0952955,Tracked,0.0064919222977483,,0.00593841474890397,0.00530407840995021,0.00868483750279757,0.0053247681507178,,0.00797698442458051,0.0456613008045106,0.00626719124030048,0.0167498895345611,0.0177586285838744,0.0309522125950634,0.00703956046426191,,,0.00579725443723153,,,,0.00547038515952931,,0.0864125755061727,,0.0614072674348077,169.939406577575,177.523809455672,136.908082798556,79.2403451441903,132.317115320015,145.579313301171,116.982038735891,160.222081728155,136.295109332202,101.329925663902,106.921747824504,,No,,,,,,Yes,40,20,0,0,0,0
2017-07-31 10:46:02,Default14,34,1,-0.4878307,-0.4294532,1.019389,0,-0.5049434,-0.1704253,1.064304,0,-0.5156902,0.07826508,1.09571,0,-0.5388817,0.2111537,1.125212,0,-0.6694476,-0.03637375,1.071422,0,-0.5923767,-0.1748403,0.9857357,1,-0.5768241,-0.3897169,0.8946668,0,-0.5713763,-0.4389122,0.8964263,0,-0.3617676,-0.04785259,1.073423,0,-0.2813847,-0.2020265,0.9740093,0,-0.3382118,-0.2062216,0.8055084,0,-0.440763,-0.137095,0.7181812,0,-0.5479045,-0.4221757,0.9876695,0,-0.390138,-0.7582395,0.7846786,1,-0.2756556,-1.019649,0.6405006,1,-0.2557448,-1.004705,0.5192126,1,-0.4031231,-0.4151938,1.000113,0,-0.4277334,-0.8118533,0.9729639,1,-0.4531242,-1.121504,0.9686105,1,-0.4508648,-1.144014,0.8525079,1,-0.5139334,0.01748505,1.089847,0,-0.5792305,-0.5240781,0.8623541,1,-0.5210342,-0.4129443,0.88325,0,-0.4506947,-0.08286359,0.6491498,1,-0.4894932,-0.14419,0.7203751,0,,Low,,Low,-0.1386362,-0.1125804,Tracked,0.00786194955465885,,0.00627512901301631,0.00477553099796241,0.0091952113782122,0.0048363721118315,,0.0151968490612363,0.0132334621214556,0.00588341571984343,0.0283323925712248,0.0284293230990468,0.00958074966273513,0.0081074533887035,,,0.00741166936458988,,,,0.00514187587112919,,0.015079526837736,,0.01436312175991,169.376156185268,177.529094289755,136.646260105802,84.3268095004123,135.906239909928,156.888448664435,111.108626485174,154.959386912036,138.767656304561,113.769268908816,90.6874095485634,,No,,,,,,Yes,35,20,0,0,0,0
2017-07-31 10:46:02,Default14,35,1,-0.4867882,-0.4316829,1.029599,0,-0.5016577,-0.173816,1.078087,0,-0.5098217,0.07367347,1.113518,0,-0.5358934,0.2090476,1.135515,0,-0.6697361,-0.04188253,1.092084,0,-0.6049882,-0.1818502,0.9991727,1,-0.5879248,-0.3956887,0.9059278,0,-0.5816501,-0.4407414,0.9114976,0,-0.3564352,-0.05116545,1.09983,0,-0.2788776,-0.2053814,0.9940498,0,-0.3356706,-0.2157182,0.8258552,0,-0.4465336,-0.1365184,0.7299812,0,-0.5464911,-0.4238457,0.997529,0,-0.399301,-0.7657879,0.7983519,1,-0.292942,-1.031812,0.6573128,1,-0.271827,-1.01671,0.5359991,1,-0.4027101,-0.4180678,1.010548,0,-0.4131269,-0.815854,0.9835272,1,-0.4275769,-1.126372,0.9791914,1,-0.4217732,-1.149296,0.8629538,1,-0.5087287,0.01318028,1.106624,0,-0.5756474,-0.508345,0.8629189,1,-0.5534569,-0.4660263,0.9031249,0,-0.4625976,-0.08758034,0.6708605,0,-0.4516848,-0.1102462,0.7466471,0,,Low,,Low,-0.1235419,-0.1351486,Tracked,0.0105024981951913,,0.0145692745179711,0.0193040679298976,0.0109324015248252,0.0213856992716721,,0.016902605027924,0.0183314217334608,0.0271429397844007,0.0204734595188503,0.0225972427353427,0.013148090808935,0.0100993237303297,,,0.0108314204977925,,,,0.0180855654001444,,0.0652988656050012,,0.0572003029100371,169.89465250925,177.557077557044,136.261486502274,87.4519855843263,132.086913481939,160.503226449585,114.590244676602,149.348838256461,136.820066756874,45.0921809856346,81.085914287957,,No,,,,,,Yes,30,20,5,0,0,0
2017-07-31 10:46:02,Default14,36,1,-0.4856199,-0.4350469,1.039687,0,-0.4995117,-0.1770803,1.087717,0,-0.507205,0.07081453,1.122146,0,-0.5333557,0.2068262,1.143943,0,-0.6688423,-0.04556564,1.101442,0,-0.621216,-0.1959837,1.016914,1,-0.5974216,-0.4051598,0.9142411,0,-0.5956928,-0.4507352,0.9211113,0,-0.3540551,-0.05303059,1.109333,0,-0.2748176,-0.2078531,1.020051,0,-0.3290825,-0.2230027,0.8460928,0,-0.4365003,-0.1454787,0.7438384,0,-0.5449568,-0.4268701,1.00819,0,-0.4175886,-0.7762623,0.8108965,1,-0.3264453,-1.048147,0.6715815,1,-0.3066068,-1.034502,0.550168,1,-0.4021247,-0.4217448,1.019952,0,-0.4021386,-0.8199478,0.9943321,1,-0.4085602,-1.130827,0.9910237,1,-0.4014264,-1.154129,0.8747792,1,-0.5061815,0.01019116,1.115553,0,-0.5940164,-0.5288072,0.8550891,1,-0.566079,-0.4759048,0.9128422,0,-0.465979,-0.1021295,0.6905596,0,-0.4770042,-0.1610314,0.7573572,0,,Low,,Low,-0.1115186,-0.1521599,Tracked,0.0106980916471118,,0.0103922023888106,0.00945849040881269,0.0090777598145136,0.0100963528916188,,0.0157797941158939,0.0197356704831632,0.00997249378187806,0.0264320884973171,0.0224950540257186,0.0193125885582435,0.0111874033113139,,,0.0101142591503283,,,,0.00975449164305346,,0.0187437480230076,0.0247217811549978,0.0577487211755377,169.797622132722,177.517777197246,135.964498028928,93.4021292406,134.022332046761,169.901840377771,112.321315943528,145.181186406674,137.173960579852,50.9358391420818,93.3833255063327,,No,,,,,,Yes,30,20,0,0,0,0
2017-07-31 10:46:02,Default14,37,1,-0.4839219,-0.439035,1.047711,0,-0.4967422,-0.1807066,1.094653,0,-0.5036137,0.06761939,1.128094,0,-0.5298554,0.2042003,1.150161,0,-0.6681569,-0.04973849,1.108492,0,-0.6397284,-0.209672,1.036981,1,-0.6066267,-0.4131874,0.9251084,0,-0.604236,-0.451557,0.9254129,0,-0.3502617,-0.05559929,1.118032,0,-0.2717727,-0.2118622,1.03035,0,-0.3887239,-0.1894706,0.8246874,0,-0.4332745,-0.1548058,0.7586826,0,-0.5429688,-0.4305492,1.016417,0,-0.4230226,-0.7849933,0.8258432,1,-0.3376014,-1.060891,0.6918973,1,-0.317858,-1.048781,0.5704272,1,-0.4009506,-0.4259794,1.027677,0,-0.388977,-0.8243089,1.00349,1,-0.3861569,-1.135334,1.00123,1,-0.3769887,-1.158925,0.885005,1,-0.5027753,0.006880484,1.121745,0,-0.5751669,-0.5236166,0.8370926,1,-0.5798953,-0.4742534,0.9202728,0,-0.455375,-0.11793,0.7075679,0,-0.4789664,-0.1723925,0.7664167,0,,Low,,Low,-0.1025424,-0.1605655,Tracked,0.0091199079825402,,0.00830230557977726,0.00764755250453358,0.00760335287225318,0.00822100664654274,,0.0163485301192492,0.00960028041465455,0.00983161758054087,0.0114635814569445,0.0716916276390068,0.0178255674156533,0.00922883794472522,,,0.0088874053001987,,,,0.00780407829387783,,0.015774380622072,0.0255222037673082,0.0146628565532096,169.547818530014,177.52225167993,135.678929295361,99.8103778741674,133.159546611171,175.217501046598,96.6140138470172,150.557586178515,161.3949560688,45.0836715202111,90.5890738957797,,No,,,,,,Yes,30,20,0,0,0,0
2017-07-31 10:46:02,Default14,38,1,-0.4819429,-0.4445367,1.06074,0,-0.4931143,-0.1855404,1.105948,0,-0.49865,0.06356961,1.137786,0,-0.5253776,0.2006691,1.159315,0,-0.6673369,-0.05568573,1.118839,0,-0.7766142,-0.2284453,1.140231,0,-0.6649191,-0.3774386,0.9942133,0,-0.6312287,-0.4223635,0.9595581,0,-0.3459021,-0.05832759,1.132053,0,-0.2657938,-0.2197844,1.054866,0,-0.378553,-0.1953763,0.847095,0,-0.4258444,-0.1697297,0.7783095,0,-0.540831,-0.4357754,1.028536,0,-0.300692,-0.7625178,0.9229906,1,-0.1233699,-1.017401,0.8542421,1,-0.09145024,-1.010591,0.7333652,1,-0.3995028,-0.4317061,1.04149,0,-0.3530701,-0.8273602,1.038962,1,-0.3238489,-1.136493,1.053358,1,-0.3086199,-1.165381,0.9393306,1,-0.4981185,0.002623773,1.131832,0,-0.6134605,-0.4727654,0.9039221,0,-0.6903598,-0.4162984,0.9763333,1,-0.4505776,-0.134654,0.7272764,0,-0.4578893,-0.1800272,0.7839143,0,NotTracked,High,,Low,-0.09295122,-0.1649709,Tracked,0.0142807557534606,,0.0128103202867843,0.0116178268079018,0.0107849794751776,0.0119625445711854,,0.0972186597480648,0.052409550451993,0.014934462630105,0.0264488705628425,0.0253066204195662,0.0257515898699478,0.0133698734578903,,,0.0150229886084628,,,,0.0118976024382024,,,0.0262893932035336,0.0284376298987803,169.078041298123,177.530672617936,135.338334871234,140.078329643383,133.225262042183,102.359687111422,93.7694608203383,173.578821299336,167.360233221839,118.720830126904,86.3373162101106,,No,,,,,,Yes,30,20,5,0,0,0
2017-07-31 10:46:02,Default14,39,1,-0.48105,-0.4502008,1.071759,0,-0.4903585,-0.1902395,1.115146,0,-0.4943073,0.05986309,1.145357,0,-0.5203382,0.1970731,1.167243,0,-0.6657382,-0.05826766,1.123947,0,-0.7758674,-0.2300732,1.146035,0,-0.6667469,-0.3795288,0.9985816,0,-0.6367995,-0.4230407,0.9624781,0,-0.344975,-0.05887743,1.134186,0,-0.2607732,-0.2261791,1.070973,0,-0.3716295,-0.2107974,0.8613445,0,-0.4175721,-0.1863551,0.7934973,0,-0.5400015,-0.4416207,1.039225,0,-0.2985865,-0.7604268,0.9077483,1,-0.1199388,-1.009168,0.8187309,1,-0.09092511,-0.9992132,0.6970601,1,-0.3987936,-0.4370967,1.052733,0,-0.3413559,-0.832288,1.042197,1,-0.3035705,-1.141065,1.050294,1,-0.2881156,-1.167309,0.935055,1,-0.4941525,-0.001331641,1.139796,0,-0.608436,-0.4664983,0.8925046,0,-0.6355365,-0.4618013,0.9429,0,-0.4414329,-0.1578219,0.7414526,0,-0.4833207,-0.1995061,0.8092858,0,NotTracked,High,,Low,-0.08388226,-0.1640115,Tracked,0.0124216609283943,,0.0106901439864017,0.00948247725019152,0.010058824601314,0.00594254728335428,0.00607405833442511,0.00517608285965362,0.00632604240264006,0.00238988021365084,0.018042562496774,0.0221086731331846,0.023989667385981,0.0122110737996297,,,0.0124886581344834,,,,0.00973651641560766,0.013959994588466,,0.0286590609570516,0.0408643691180961,168.848358683521,177.547272817086,135.236708938832,139.505949666763,135.463090855345,102.368212086915,91.6389627336818,175.612255923088,165.722841590974,35.2617382352708,85.1590179881332,,No,,,,,,Yes,25,15,0,0,0,0
2017-07-31 10:46:02,Default14,40,1,-0.4806256,-0.4571221,1.087716,0,-0.4870692,-0.1956779,1.129009,0,-0.4884642,0.05599542,1.15725,0,-0.5141779,0.1926661,1.179405,0,-0.6590797,-0.06433165,1.139965,0,-0.7741107,-0.2342765,1.154765,0,-0.6678577,-0.3855247,1.007151,0,-0.6181529,-0.4330954,0.9935479,0,-0.3367445,-0.0645273,1.164481,0,-0.2529953,-0.2379155,1.098682,0,-0.3524391,-0.2340162,0.8828504,0,-0.4046082,-0.2064402,0.8105443,0,-0.5397412,-0.4469129,1.052046,0,-0.3025462,-0.7669066,0.9161587,1,-0.1270166,-1.016649,0.8237794,1,-0.09516977,-1.006181,0.7027925,1,-0.3985296,-0.4457985,1.072024,0,-0.3273892,-0.8399091,1.046688,1,-0.2788864,-1.147852,1.043169,1,-0.2577528,-1.169066,0.9265593,1,-0.4889209,-0.005599958,1.152173,0,-0.5982811,-0.461317,0.8782318,0,-0.6172412,-0.4891001,1.003714,0,-0.4292767,-0.1808097,0.7610472,0,-0.4290252,-0.1759398,0.8325,0,NotTracked,High,,Low,-0.07134649,-0.1615332,Tracked,0.0173985734487055,,0.0152505232057788,0.0138037725944359,0.0143277768369695,0.0183761780838697,0.00984716333671794,0.0105175714787207,0.0376048554802435,0.0318974793089816,0.0310809828411201,0.0370119961689451,0.0293610993360263,0.0138727494726172,,,0.0211644442459519,,,,0.0140988757556227,0.0182669286838264,0.0691251407197844,0.0325601059033904,0.0635788557429276,168.177512779668,177.559560007117,135.208444062314,142.306107609202,131.69862624772,103.421498669622,96.1689852915452,150.818595304981,160.439372530267,86.4331875903825,83.7515237287619,,No,,,,,,Yes,25,20,5,0,0,0
2017-07-31 10:46:02,Default14,41,1,-0.480471,-0.4637904,1.104801,0,-0.484405,-0.2012704,1.142952,0,-0.483701,0.05175491,1.168107,0,-0.5088989,0.1892414,1.188402,0,-0.653742,-0.06797214,1.149881,0,-0.7710784,-0.2406639,1.169402,0,-0.6612002,-0.374838,1.00803,0,-0.6198437,-0.4583899,0.9312888,0,-0.3341146,-0.06664126,1.173445,0,-0.2489318,-0.24521,1.118219,0,-0.3440914,-0.2395099,0.900497,0,-0.3932338,-0.2263043,0.8228086,0,-0.5393966,-0.452579,1.069871,0,-0.3093279,-0.7764357,0.9325023,1,-0.1391558,-1.029271,0.8390986,1,-0.1083316,-1.020246,0.717887,1,-0.3988689,-0.4532353,1.087915,0,-0.3333829,-0.8477842,1.032028,1,-0.2889565,-1.155976,1.004719,1,-0.2699163,-1.170674,0.8858064,1,-0.4846346,-0.01019632,1.163796,0,-0.5773069,-0.5088875,0.8391415,1,-0.6367737,-0.4845941,0.903625,1,-0.4157953,-0.2077425,0.776098,0,-0.4261463,-0.2468747,0.826875,0,NotTracked,High,,Low,-0.06005035,-0.1541191,Tracked,0.0183408656025282,,0.0152571709989107,0.0125914434557799,0.0109791812121851,0.0118351706675527,0.0162553219300634,0.0126214303523808,0.0672225116140419,0.00957802155414152,0.0212465557561692,0.0202797269838624,0.0259686830366886,0.0187070591855053,,,0.0175483617392051,,,,0.0132133659725691,,,0.0336697259038442,0.0712157898799136,168.026120525412,177.56933512267,134.688899579258,141.825918677755,132.546078684468,98.2499559302717,93.4056233799482,169.645485562213,168.979781473036,48.1713869494655,85.4439895228854,No,No,Yes,Yes,No,Maybe,Yes,Yes,20,20,5,0,0,0
2017-07-31 10:46:02,Default14,42,1,-0.478597,-0.4702603,1.119179,0,-0.4812081,-0.2059078,1.154244,0,-0.4793378,0.04895705,1.176381,0,-0.5023223,0.1859872,1.198171,0,-0.6499484,-0.07193573,1.158729,0,-0.7668988,-0.2483911,1.182932,0,-0.6615015,-0.3724716,1.010649,0,-0.6319166,-0.4367737,0.9475013,0,-0.327477,-0.07108446,1.187949,0,-0.2434205,-0.254045,1.141895,0,-0.3296869,-0.2682676,0.9209095,0,-0.376903,-0.2526793,0.8370513,0,-0.5377053,-0.458006,1.082026,0,-0.299974,-0.7862279,0.981599,1,-0.124124,-1.0427,0.9170597,1,-0.08936672,-1.038668,0.7969449,1,-0.3971786,-0.46077,1.104575,0,-0.3062351,-0.8514738,1.063752,1,-0.2422316,-1.156879,1.048031,1,-0.2184521,-1.173729,0.9302167,1,-0.4805388,-0.01344822,1.172817,0,-0.5794171,-0.4577051,0.85804,0,-0.6139573,-0.4739916,0.9605455,0,-0.4009309,-0.2390715,0.7906064,0,-0.3973988,-0.2211711,0.8577144,0,,Low,,Low,-0.05108941,-0.1414411,Tracked,0.0158776058021983,,0.0126188316562985,0.00976343232780349,0.0122178085678244,0.0104109822134177,0.0161319427224374,0.00354256851027606,0.0295949349230574,0.0165579520472791,0.0258647371664589,0.0380941607833799,0.0341348818209468,0.0134185263605956,,,0.0183625820128871,,,,0.0104273137600246,,,0.0375892311562767,0.0493777520910986,168.025967146668,177.58163465895,134.732787247859,141.055832447161,132.030686946245,96.136104929905,96.4664515654706,167.795219779047,165.031623166253,83.0493160078637,90.9510447270125,No,No,Yes,Yes,Yes,No,Yes,Yes,25,20,0,0,0,0
2017-07-31 10:46:02,Default14,43,1,-0.4740307,-0.4778132,1.139736,0,-0.4761528,-0.2116899,1.170776,0,-0.4737884,0.0452489,1.188688,0,-0.4961174,0.1837018,1.208264,0,-0.6435629,-0.0752828,1.170501,0,-0.7673025,-0.2580795,1.208946,0,-0.6660502,-0.3678828,1.024683,0,-0.6349717,-0.4330521,0.9520056,0,-0.3226582,-0.07547981,1.201281,0,-0.2404644,-0.2622398,1.160257,0,-0.3230474,-0.2823752,0.9383525,0,-0.3654571,-0.2805079,0.8530415,0,-0.5338731,-0.4656761,1.101592,0,-0.3354844,-0.8079171,0.9669082,1,-0.1895239,-1.075208,0.8760761,1,-0.1590369,-1.070542,0.7552684,1,-0.392409,-0.4680598,1.125699,0,-0.3260238,-0.8595289,1.038272,1,-0.2804413,-1.16537,0.9863498,1,-0.2601934,-1.174775,0.8662003,1,-0.475096,-0.01769726,1.186207,0,-0.6040204,-0.4353328,0.8544955,1,-0.6181834,-0.4930421,0.9576001,0,-0.3859829,-0.2762257,0.8046969,0,-0.3979211,-0.2562034,0.8643333,0,,Low,,Low,-0.04416751,-0.1262255,Tracked,0.0223715811488595,,0.0182289813895346,0.0140003023461103,0.0120661711478828,0.0138042555697474,0.0277624974425933,0.0154499486448986,0.00659338009370004,0.0148419055064538,0.0203237870056247,0.0233958455074827,0.0340753004507664,0.0213622224230064,,,0.0228498062179966,,,,0.0150655405731623,,0.0197346611985106,0.0424549110456023,0.0356559206554816,168.227571816884,177.546668530246,134.800808895035,140.2036352641,131.779338579562,90.4946063200821,97.0567994922415,167.186969718209,171.516452374467,89.0070091863185,84.1907671762391,No,No,Yes,Yes,Yes,No,Yes,Yes,20,15,0,0,0,0
2017-07-31 10:46:02,Default14,44,1,-0.473384,-0.4810692,1.156101,0,-0.4736049,-0.2148276,1.184197,0,-0.4694843,0.04262271,1.199257,0,-0.4893339,0.1821349,1.2192,0,-0.6401899,-0.07744075,1.181322,0,-0.7633416,-0.2610643,1.218474,0,-0.6674572,-0.3630295,1.026882,0,-0.633993,-0.4273703,0.9530047,0,-0.3180382,-0.07962124,1.21489,0,-0.2348891,-0.2717013,1.185338,0,-0.3145311,-0.2981432,0.9630631,0,-0.3540642,-0.3161939,0.8763458,0,-0.5338014,-0.4682737,1.116295,0,-0.5431882,-0.8581941,1.002629,1,-0.5572422,-1.162892,0.9299148,1,-0.5407085,-1.170416,0.8096263,1,-0.3914125,-0.4721541,1.143708,0,-0.3207588,-0.8605124,1.039311,1,-0.2717003,-1.163903,0.9740929,1,-0.250663,-1.170804,0.8534796,1,-0.4712171,-0.02049199,1.197495,0,-0.5789675,-0.4385019,0.8493961,0,-0.6218662,-0.4814643,0.9518967,0,-0.3734767,-0.3199744,0.8303047,0,-0.3785216,-0.2853463,0.8661819,0,,Low,,Low,-0.03781742,-0.1088829,Tracked,0.0166982927836949,,0.0140164259602795,0.0117100773578188,0.0129640712687026,0.0115381072192323,0.0107415335892972,0.00551087750635052,0.00585140203199201,0.0149566280773742,0.0273799290236479,0.0305249232931058,0.0441177873980552,0.0149308698892598,,,0.0184954152627076,,,,0.0122586836562047,,0.0134215215322257,0.0522121940830875,0.0350580453337033,168.405090184143,177.526854880737,135.173226122525,139.813285938946,132.501800754495,89.7810947787255,95.7428694633428,166.890802681667,173.576468000786,77.7691980681224,66.077970495606,No,No,Yes,Yes,Yes,No,Yes,Yes,15,15,0,0,0,0
2017-07-31 10:46:02,Default14,45,1,-0.4753889,-0.4831252,1.166951,0,-0.4736478,-0.2161794,1.189937,0,-0.4684754,0.0419664,1.201486,0,-0.4831068,0.180359,1.228212,0,-0.6390425,-0.07777844,1.183525,0,-0.7582521,-0.2611322,1.230177,0,-0.6688411,-0.3596998,1.033713,0,-0.6349154,-0.4223455,0.9559205,0,-0.3181173,-0.07947078,1.214569,0,-0.2296793,-0.2804223,1.203708,0,-0.2503515,-0.3939829,1.070879,0,-0.2998571,-0.3750057,0.9908622,0,-0.5375315,-0.4699615,1.127515,0,-0.5214928,-0.8542881,0.9858214,1,-0.5157709,-1.154472,0.8910381,1,-0.4976666,-1.158232,0.7702751,1,-0.3919004,-0.4746374,1.15422,0,-0.2973791,-0.8613399,1.067263,1,-0.2300386,-1.163562,1.015518,1,-0.2075677,-1.173306,0.8955063,1,-0.4703917,-0.0213052,1.200432,0,-0.6063021,-0.4473861,0.8721777,1,-0.6208075,-0.4836085,0.9694,0,-0.3249409,-0.3767493,0.8899424,0,-0.3457862,-0.3499709,0.999,0,,Low,,Low,-0.03625271,-0.08401821,Tracked,0.0112236028088132,,0.00589718607897028,0.00253319225999533,0.0110971500494496,0.00250674496032202,0.0127619680950863,0.00772428911292168,0.00588228921764303,0.000363229984445127,0.0209917783200948,0.157887736841909,0.139682652389658,0.0119436474684244,,,0.0108123526255853,,,,0.00315730338486813,,0.0176658979454768,0.0955812137030076,0.151289765106335,167.433405662072,177.734610424921,136.122089822534,137.959509259055,134.038660243638,88.1085884893393,125.44829775667,168.084854404859,124.210319248601,82.1374337763754,87.0103755116787,No,No,Yes,Yes,Yes,No,Yes,Maybe,10,15,-5,0,0,0
2017-07-31 10:46:02,Default14,46,1,-0.4754634,-0.484313,1.178023,0,-0.4713475,-0.2185105,1.206684,0,-0.4623476,0.0387139,1.222596,0,-0.4775331,0.1788653,1.240487,0,-0.6328373,-0.07784957,1.202692,0,-0.7557693,-0.2623587,1.237627,0,-0.6708342,-0.3644626,1.04105,0,-0.6420555,-0.4260938,0.9659152,0,-0.3048024,-0.08693485,1.252475,0,-0.2276695,-0.2882784,1.232746,0,-0.241972,-0.4041337,1.101163,0,-0.3042239,-0.3996758,0.9866512,0,-0.5382264,-0.4698906,1.137302,0,-0.5306486,-0.8529701,0.9912466,1,-0.5313596,-1.152196,0.8931025,1,-0.5082914,-1.154698,0.7725031,1,-0.3913973,-0.4773444,1.166489,0,-0.2897261,-0.862244,1.077801,1,-0.2168134,-1.163097,1.024655,1,-0.1880822,-1.170883,0.905288,1,-0.4653352,-0.02439322,1.220677,0,-0.6265721,-0.4531396,0.8813038,1,-0.625804,-0.4842351,0.9723001,0,-0.3263749,-0.4101684,0.9032421,0,-0.3303291,-0.3712407,0.978625,0,,Low,,Low,-0.02410732,-0.07559557,Tracked,0.011135780308986,,0.017064214494081,0.0222207288154551,0.0135636608767691,0.0201465494692492,0.00794802479173281,0.00897152609370331,0.0128423054390557,0.0408639662658301,0.0301490140344588,0.0330208330738338,0.02540502503935,0.00981189491484697,,,0.0125741528386608,,,,0.0210941718199697,,0.00581104292016506,0.0359968695986193,0.0332635980833403,169.571962520583,177.441526087394,136.507220144184,138.752830812681,129.931225022654,91.6471348138245,130.669176048731,167.865916639367,132.309129505208,76.4349015682055,73.9202369225454,No,Maybe,Yes,Yes,Maybe,No,Yes,Maybe,15,15,-5,0,0,0
2017-07-31 10:46:03,Default14,47,1,-0.4735708,-0.4853741,1.186066,0,-0.4691706,-0.2196067,1.213961,0,-0.4601385,0.03778624,1.228519,0,-0.4727645,0.1781934,1.249071,0,-0.6299025,-0.07834635,1.210445,0,-0.75431,-0.2614593,1.246643,0,-0.672631,-0.3637897,1.048825,0,-0.6425166,-0.4271285,0.9697434,0,-0.3034625,-0.08721358,1.256095,0,-0.2250999,-0.2927737,1.248053,0,-0.2410404,-0.4081506,1.116271,0,-0.2843781,-0.4303967,1.051981,0,-0.5364748,-0.4705215,1.144592,0,-0.5492423,-0.8549076,1.006921,1,-0.5656085,-1.155253,0.9154601,1,-0.5453199,-1.159607,0.7947516,1,-0.3895949,-0.4788373,1.175023,0,-0.2820929,-0.8622534,1.085597,1,-0.2046328,-1.161974,1.031842,1,-0.1766552,-1.169698,0.9122081,1,-0.4631167,-0.02537806,1.226953,0,-0.5859014,-0.448646,0.8583769,0,-0.6412105,-0.4817637,0.9796001,0,-0.3081079,-0.4684401,0.9539524,0,-0.3172907,-0.3956924,0.9985714,0,,Low,,Low,-0.01745064,-0.0630235,Tracked,0.00833052921308126,,0.00767432583684063,0.00638925699010448,0.00984256326217935,0.0083047486661788,0.00917751234540157,0.00800824010941216,0.00399228412566045,0.00387006749591006,0.0161590474734746,0.0156606202996562,0.0748706367175411,0.00752397749664366,,,0.00884909894678531,,,,0.00672902876168615,,0.0172266671242582,0.0793776343561586,0.0341429989955482,169.598599117033,177.426642158524,136.436856271405,139.2085287121,130.811772828365,91.5245926176356,127.422257706721,168.658462093695,145.774661545796,88.7640435850731,52.5782796278864,No,No,Yes,Yes,No,No,Yes,Yes,20,15,-5,0,0,0
2017-07-31 10:46:03,Default14,48,1,-0.4705796,-0.4853216,1.197697,0,-0.4686628,-0.219556,1.216018,0,-0.460218,0.03785618,1.228188,0,-0.4679966,0.1775451,1.259866,0,-0.6298658,-0.07838004,1.209878,0,-0.752757,-0.2601511,1.253815,0,-0.6744305,-0.3656562,1.056367,0,-0.6465567,-0.4317888,0.9720772,0,-0.3019222,-0.08769754,1.261297,0,-0.2216901,-0.2959415,1.271778,0,-0.2412252,-0.4142641,1.143425,0,-0.2933532,-0.4644352,1.02429,0,-0.5330594,-0.4713319,1.155889,0,-0.5593752,-0.8521577,1.009353,1,-0.5860091,-1.149763,0.9110545,1,-0.5650911,-1.154337,0.7904887,1,-0.3872998,-0.4779907,1.186828,0,-0.2800348,-0.8580753,1.076011,1,-0.2025602,-1.155091,1.005534,1,-0.1741376,-1.160572,0.885638,1,-0.4631189,-0.02536759,1.226945,0,-0.6023695,-0.4637919,0.8818671,0,-0.6372157,-0.4784754,0.9792454,0,-0.3194835,-0.4908833,0.9678059,0,-0.3076778,-0.4261402,0.9929567,0,,Low,,Low,-0.02013116,-0.04209831,Tracked,0.012009587615318,,0.00211935847133039,0.000347523889250666,0.0118188488568049,0.000569184421870436,0.00745391039924679,0.00797519821070314,0.00659449971870491,0.0054467922093283,0.0241772065772702,0.0278343088523857,0.0447879825763564,0.0118297892762297,,,0.0120557969695081,,,,1.33589258550306E-05,0.0324405009280066,0.00518624681441212,0.0287231781641586,0.0324191490841447,167.018739487271,177.683014770438,136.115008509689,138.312545278092,131.865718968641,90.9465672101302,123.617250022639,169.345476961834,155.312028841729,75.6250600051161,71.0476855216697,No,Yes,Yes,Yes,No,No,Maybe,No,5,15,-5,0,0,0
2017-07-31 10:46:03,Default14,49,1,-0.46653,-0.485803,1.210589,0,-0.4622816,-0.2209449,1.237201,0,-0.4540454,0.03591983,1.24905,0,-0.4638281,0.1769683,1.272364,0,-0.6231771,-0.0776817,1.227351,0,-0.7523833,-0.2575329,1.262805,0,-0.6775252,-0.3676754,1.066631,0,-0.6496413,-0.4349483,0.9740731,0,-0.2980377,-0.08983167,1.280529,0,-0.2202267,-0.2996644,1.299159,0,-0.2299238,-0.4347495,1.188727,0,-0.2564368,-0.468177,1.119359,0,-0.5293256,-0.4721093,1.167036,0,-0.5607073,-0.8521051,1.019398,1,-0.5911392,-1.14909,0.9202763,1,-0.5699143,-1.152876,0.7994167,1,-0.3832916,-0.4782398,1.201321,0,-0.268847,-0.8474091,1.053007,1,-0.1855376,-1.135805,0.9531229,1,-0.1568757,-1.134953,0.8322768,1,-0.4567778,-0.02717968,1.248271,0,-0.6274525,-0.464097,0.8914227,1,-0.6334671,-0.4801452,0.986,0,-0.2742598,-0.5073712,1.037843,0,-0.2916562,-0.456447,1.120091,0,,Low,NotTracked,High,-0.01315354,-0.03821848,Tracked,0.0135216371094626,,0.0221668275955311,0.0218420119513404,0.0131874597436353,0.0187225029161595,0.00937095101523858,0.0109088969529463,0.00484570059124585,0.0197361008080853,0.0276716585149859,0.0509867086515693,0.102053595807301,0.0117813930500599,,,0.0150391079206847,,,,0.0223224437590981,,0.00790347108301157,0.0849836999930575,0.131675069885267,169.224960970542,177.300282452944,136.29610968529,139.436401847465,132.002178803665,93.4306011584292,130.589971152467,172.026788272899,150.884858028754,81.1164169593373,88.1874329792637,No,Maybe,Yes,Yes,No,No,No,Maybe,15,15,-5,0,0,0
2017-07-31 10:46:03,Default14,50,1,-0.4647799,-0.4860753,1.215247,0,-0.4606305,-0.2215275,1.241256,0,-0.452213,0.03498706,1.253266,0,-0.460977,0.1762744,1.277773,0,-0.6214982,-0.07742524,1.231163,0,-0.7519098,-0.2567308,1.265393,0,-0.6795922,-0.368286,1.069099,0,-0.6521898,-0.4395209,0.9788377,0,-0.2959664,-0.09112122,1.286297,0,-0.2174413,-0.3020302,1.311275,0,-0.2264342,-0.4394639,1.204014,0,-0.2485813,-0.485304,1.141316,0,-0.5275261,-0.4720932,1.170949,0,-0.5469817,-0.8547314,1.02822,1,-0.5682378,-1.153744,0.9328771,1,-0.5455974,-1.158165,0.8121791,1,-0.3817506,-0.4788902,1.206684,0,-0.2596233,-0.8419514,1.046001,1,-0.170297,-1.125582,0.9363656,1,-0.1410119,-1.122807,0.815447,1,-0.4550087,-0.02801424,1.252393,0,-0.6392602,-0.4735522,0.9000269,1,-0.6369439,-0.4865791,0.98525,0,-0.2575689,-0.5217315,1.065283,0,-0.2847128,-0.476569,1.144308,0,,Low,NotTracked,High,-0.01196595,-0.02833688,Tracked,0.00498336846921843,,0.00441685170341946,0.00469067219414233,0.00615366146452662,0.00417322668226872,0.00275051098161782,0.00327663628741417,0.00707848403049694,0.00626283058149428,0.0126551538433952,0.0163736142778555,0.0289335939393985,0.00430697439741639,,,0.00561778160486861,,,,0.00456257484361644,,0.0073515785685797,0.0351817844757766,0.0322423444643842,169.127626618684,177.351855270982,136.317272582658,139.496725931599,132.424180905825,94.1534247338263,130.365011950226,170.582681299354,159.712486365768,72.6235677893299,94.0071932424537,No,Maybe,Yes,Yes,No,Maybe,No,Maybe,10,15,-5,0,0,0
2017-07-31 10:46:03,Default14,51,1,-0.4601136,-0.4871735,1.223393,0,-0.4573902,-0.2225559,1.248311,0,-0.4500747,0.03402241,1.259718,0,-0.4576464,0.1754082,1.285254,0,-0.6191933,-0.07714026,1.235756,0,-0.7504075,-0.2561639,1.268903,0,-0.6804193,-0.3711781,1.073833,0,-0.65283,-0.4455372,0.9765648,0,-0.2937808,-0.09248514,1.294176,0,-0.216409,-0.3065775,1.328238,0,-0.2241592,-0.4468282,1.224995,0,-0.232981,-0.4843712,1.193733,0,-0.5227514,-0.4733015,1.178565,0,-0.5419281,-0.8534923,1.027038,1,-0.5628259,-1.15059,0.9248302,1,-0.5391329,-1.153946,0.8040728,1,-0.3774939,-0.4798975,1.21515,0,-0.2507519,-0.8398545,1.049675,1,-0.1577701,-1.121086,0.9362622,1,-0.1275301,-1.117638,0.8154626,1,-0.4526131,-0.02899339,1.258962,0,-0.6296052,-0.4816609,0.8805435,1,-0.6410937,-0.4987589,0.9967001,0,-0.2384573,-0.5286384,1.126185,0,-0.277719,-0.4924966,1.183286,0,,Low,NotTracked,High,-0.01401507,-0.0181796,Tracked,0.00945186304016303,,0.00783135848049368,0.00686521525609348,0.00823459530274548,0.00514678798964955,0.00385984208226181,0.00560884059498932,0.00646311040753602,0.0082894973385845,0.0175922411755865,0.0223519775521095,0.0546971787657279,0.00906979630311515,,,0.00952928665640811,,,,0.00706041040467887,,0.0172242026837239,0.0642028981134808,0.0426835584763032,169.06864139185,177.380903826786,136.154982102053,139.171222423222,132.353553445477,95.3293948002733,130.22001625564,171.993527894249,171.5932142787,87.5456917988301,69.6971418285735,No,Maybe,Yes,No,No,Maybe,No,Maybe,10,15,-5,0,0,0
2017-07-31 10:46:03,Default14,52,1,-0.4568312,-0.4889462,1.231831,0,-0.4571351,-0.2228215,1.249282,0,-0.4506476,0.03413009,1.258829,0,-0.455121,0.1740798,1.296057,0,-0.6185684,-0.07723034,1.238356,0,-0.750477,-0.2548448,1.274498,0,-0.6817228,-0.3702827,1.079253,0,-0.6574329,-0.4473295,0.9854596,0,-0.293833,-0.09248304,1.294133,0,-0.2208817,-0.3031435,1.345532,0,-0.2229249,-0.4575567,1.250342,0,-0.2312555,-0.4989417,1.224542,0,-0.5195992,-0.4752824,1.18638,0,-0.5367729,-0.8558374,1.035534,1,-0.5560681,-1.153242,0.9338582,1,-0.5330411,-1.15758,0.8131583,1,-0.3743137,-0.4814672,1.224089,0,-0.2410694,-0.845661,1.078323,1,-0.1431285,-1.13028,0.9803396,1,-0.1129353,-1.130204,0.8597986,1,-0.4528077,-0.02898646,1.25874,0,-0.6167504,-0.4791781,0.8860371,1,-0.6447613,-0.5109028,0.9991875,0,-0.2245873,-0.5569957,1.165928,0,-0.2739846,-0.5059862,1.212667,0,,Low,NotTracked,High,-0.02291729,-0.003182093,Tracked,0.00922585817417541,,0.00103848946552197,0.00106307591093009,0.0111734999315345,0.00267555871107318,0.00574881553539512,0.00564599445713506,0.0101743056146353,6.76627667184952E-05,0.0181901027289567,0.0275516717775891,0.0341243505652489,0.00865647472415868,,,0.00961682645834895,,,,0.000295298467486662,,0.0129272098973444,0.0507545013992849,0.0325447109761324,164.725443369544,177.204042842502,136.18705288242,139.646723638877,132.0624536253,94.7262062586748,131.474528190576,169.817718412478,170.947146210057,80.891019385401,77.2520117796826,No,Maybe,Yes,Maybe,No,No,No,Maybe,5,15,-5,0,0,0
2017-07-31 10:46:03,Default14,53,1,-0.4536635,-0.4898652,1.237953,0,-0.4532848,-0.2246868,1.262156,0,-0.4484555,0.03218212,1.274275,0,-0.4535246,0.173213,1.302133,0,-0.6156129,-0.07733029,1.248339,0,-0.7509267,-0.2537105,1.279471,0,-0.6835514,-0.3708241,1.084781,0,-0.6625396,-0.4128235,1.012749,0,-0.2907642,-0.0963735,1.317782,0,-0.2217581,-0.3099322,1.363367,0,-0.2216182,-0.4675499,1.265862,0,-0.2300106,-0.5148764,1.236861,0,-0.5161112,-0.4758879,1.19165,0,-0.5372771,-0.8551599,1.037596,1,-0.5595627,-1.151578,0.9334436,1,-0.5328488,-1.154794,0.8129766,1,-0.3716817,-0.4827751,1.231089,0,-0.2278743,-0.8497791,1.110118,1,-0.1218853,-1.136706,1.031506,1,-0.08614513,-1.13783,0.9124467,1,-0.4502842,-0.03089987,1.273265,0,-0.6498477,-0.4374703,0.9431647,0,-0.6462502,-0.4656764,0.9986876,0,-0.2263175,-0.562773,1.176304,0,-0.2712754,-0.5110757,1.2308,0,,Low,NotTracked,High,-0.02685043,-0.001452799,Tracked,0.00695397499923621,,0.0135662828431373,0.0157219211781163,0.0063417356614731,0.0104117846334095,0.0051205073557218,0.00584770689415945,0.0442883028942179,0.0241625415354346,0.0191034486323805,0.0185051860603994,0.0201797473002018,0.00634867499955711,,,0.00759197118079368,,,,0.0148662306950384,,0.0452536626161905,0.0120013400639261,0.0190275711505699,169.104640876925,177.513148482356,136.138017058653,139.876180979312,131.490696460335,95.9113141476439,133.515208200347,177.508891529422,171.355255864431,54.4062352764317,89.4226146092917,No,Yes,Yes,Yes,No,Maybe,No,No,5,15,-5,0,0,0
2017-07-31 10:46:03,Default14,54,1,-0.450936,-0.4904926,1.242771,0,-0.4515294,-0.2259142,1.268543,0,-0.4479469,0.03045769,1.281705,0,-0.4523176,0.1718379,1.308126,0,-0.6145851,-0.07756223,1.252349,0,-0.7512766,-0.2536309,1.280488,0,-0.6843091,-0.3720676,1.086486,0,-0.659632,-0.4504812,0.989709,0,-0.2903604,-0.09752548,1.323856,0,-0.2230681,-0.3103603,1.373373,0,-0.2172267,-0.4745026,1.284882,0,-0.2281271,-0.521502,1.256067,0,-0.512961,-0.4762669,1.196167,0,-0.5295747,-0.8559486,1.042089,1,-0.5483069,-1.152676,0.9379033,1,-0.5206508,-1.155512,0.8174525,1,-0.3695282,-0.4836717,1.236109,0,-0.2248584,-0.852677,1.126379,1,-0.1182169,-1.141222,1.056575,1,-0.08124043,-1.143399,0.937957,1,-0.4494754,-0.03250824,1.280457,0,-0.6334804,-0.4856317,0.9001403,1,-0.6512419,-0.5136879,1.012091,0,-0.2235937,-0.5697714,1.193514,0,-0.2704765,-0.513831,1.244907,0,,Low,NotTracked,High,-0.03249167,-0.0006847097,Tracked,0.0055718947414681,,0.00673659475699696,0.00764442494795395,0.00626608314738953,0.00414611492889414,0.00107845035583475,0.00224219235124915,0.044242492098095,0.00619544900393821,0.0101004656135249,0.0207216242013024,0.0204038374726423,0.00552002627167651,,,0.00553550845090115,,,,0.00741389745659448,,0.0500966299535208,0.0187771347388253,0.0143957413251282,170.046326321737,177.48597639408,135.888557332632,139.682214452744,131.189786517571,96.7311813272763,136.506872116814,170.958856946968,166.641008259849,86.286192909721,87.7882850673009,No,Yes,Yes,No,No,Maybe,No,No,5,15,-5,0,0,0
2017-07-31 10:46:03,Default14,55,1,-0.4492588,-0.4910731,1.24678,0,-0.450704,-0.2267355,1.273741,0,-0.4480874,0.0294741,1.28789,0,-0.4516922,0.1709695,1.314604,0,-0.6142706,-0.07836454,1.25628,0,-0.7516988,-0.2546226,1.28123,0,-0.6857625,-0.3779795,1.090065,0,-0.6608585,-0.44965,0.9928159,0,-0.2902382,-0.09883597,1.331948,0,-0.2252859,-0.3103861,1.387289,0,-0.2176194,-0.4858984,1.291781,0,-0.2304308,-0.5310379,1.26162,0,-0.5109685,-0.476675,1.199594,0,-0.5309886,-0.8545435,1.040556,1,-0.5522733,-1.149863,0.9325151,1,-0.5236719,-1.151883,0.81208,1,-0.3683139,-0.4844612,1.240688,0,-0.222411,-0.8537432,1.134916,1,-0.114806,-1.142535,1.06821,1,-0.07638431,-1.14478,0.9500249,1,-0.4493805,-0.03345928,1.286406,0,-0.644164,-0.4850603,0.8929487,1,-0.651586,-0.511371,1.011019,0,-0.2237791,-0.5808916,1.196836,0,-0.2725936,-0.5166367,1.250407,0,,Low,NotTracked,High,-0.03947544,-0.0005513055,Tracked,0.00438429710329939,,0.00532682108297251,0.00626429681114318,0.00656579985378801,0.00402434747333043,0.0013085433619105,0.00706202337648357,0.00344209577147415,0.0081983401295689,0.0140916414402298,0.0133272154604779,0.0112728093880806,0.00398508856363322,,,0.00480261134592431,,,,0.00602528705470534,,0.00257596863723147,0.0116072781133218,0.00652717893886785,170.301665241976,177.476468544789,135.793338643743,139.837328942214,131.099061794027,98.5410554699339,135.156960541135,174.318173080301,163.688408196008,85.7032128136595,94.139770025176,No,Yes,Yes,No,No,Maybe,Yes,No,0,15,-10,0,0,0
2017-07-31 10:46:03,Default14,56,1,-0.4486109,-0.4917443,1.252556,0,-0.4513454,-0.2276445,1.282028,0,-0.4502881,0.02839576,1.298763,0,-0.4519601,0.1703742,1.324083,0,-0.6144131,-0.0783524,1.256342,0,-0.7530441,-0.2529799,1.283828,0,-0.6874549,-0.3773574,1.093226,0,-0.6659472,-0.4527788,0.9997185,0,-0.2924578,-0.1001511,1.34527,0,-0.2292424,-0.3111646,1.403389,0,-0.2185311,-0.4933894,1.306947,0,-0.2308062,-0.536343,1.274531,0,-0.5096247,-0.4772387,1.204493,0,-0.5293342,-0.8555544,1.046742,1,-0.5503544,-1.151233,0.9397098,1,-0.5179856,-1.153158,0.8199161,1,-0.3685657,-0.4852929,1.247362,0,-0.2208303,-0.8553784,1.15024,1,-0.1118267,-1.14485,1.09029,1,-0.06910306,-1.14713,0.9736013,1,-0.451183,-0.03450602,1.296624,0,-0.6559319,-0.4868245,0.8961643,1,-0.6551783,-0.5156814,1.024562,0,-0.2235279,-0.5869593,1.210065,0,-0.2592196,-0.530177,1.228071,0,,Low,NotTracked,High,-0.04681697,-0.007757965,Tracked,0.0058508512073031,,0.00836134223435442,0.0111457627215726,0.00950145217848283,0.000155876969434274,0.0033552793296534,0.00363911351430531,0.00912853459707521,0.013569520075408,0.016597287564539,0.0169397117416442,0.0139634856740716,0.00511114049210153,,,0.00673033462243899,,,,0.0104284320431022,,0.0146593661680852,0.0145563225345552,0.0293445139010686,171.703465053374,177.505519845436,135.56990946905,138.376017118953,131.058370730784,97.9811243386053,135.46122371474,171.840413207028,161.752377395407,92.4715153532175,56.6977598400981,Yes,Yes,Yes,No,No,Yes,Yes,No,5,15,-10,0,0,0
